Date,Campaign,Source / Medium,City,Device Category,Gender,Sessions,Bounces,Session Duration*,Pageviews,Transactions,Product Revenue
24.09.2015,Campaign_1,Direct / cpc,Kyiv,desktop,male,11,6,840,30,0,0
24.09.2015,Campaign_2,Direct / cpc,Kyiv,desktop,female,14,6,1986,42,0,0
24.09.2015,Campaign_2,Direct / cpc,Kyiv,desktop,male,19,4,2760,77,0,0
24.09.2015,Campaign_3,Direct / cpc,Kyiv,desktop,female,14,7,1378,66,0,0
24.09.2015,Campaign_4,Direct / cpc,Kharkiv,desktop,female,16,9,1542,42,0,0
24.09.2015,Campaign_4,Direct / cpc,Kyiv,desktop,female,24,12,953,52,0,0
24.09.2015,Campaign_4,Direct / cpc,Kyiv,desktop,male,20,12,1157,41,0,0
24.09.2015,Campaign_5,Direct / cpc,Kyiv,desktop,female,12,1,1697,47,0,0
24.09.2015,Campaign_5,Direct / cpc,Kyiv,desktop,male,37,14,6129,143,0,0
24.09.2015,Campaign_6,google / cpc,Kyiv,desktop,male,20,9,1673,91,0,0
24.09.2015,Campaign_7,google / cpc,Kyiv,desktop,female,50,19,8298,358,2,"2900,606674"
24.09.2015,Campaign_7,google / cpc,Kyiv,desktop,male,88,29,13246,511,2,"13450,8647"
24.09.2015,Campaign_8,google / cpc,Kyiv,desktop,female,30,19,2123,81,0,0
24.09.2015,Campaign_8,google / cpc,Kyiv,desktop,male,29,11,3452,91,0,0
24.09.2015,Campaign_9,google / cpc,Kharkiv,desktop,male,11,2,811,55,0,0
24.09.2015,Campaign_10,google / cpc,Kyiv,desktop,female,32,5,5954,154,1,"7799,961158"
24.09.2015,Campaign_10,google / cpc,Kyiv,desktop,male,60,22,8207,266,0,0
24.09.2015,Campaign_11,google / cpc,Kyiv,desktop,female,27,16,2196,87,0,0
24.09.2015,Campaign_11,google / cpc,Kyiv,desktop,male,34,16,2134,92,1,"3725,447287"
24.09.2015,Campaign_11,google / cpc,Kyiv,mobile,female,10,1,1265,34,0,0
24.09.2015,Campaign_12,google / cpc,Kyiv,desktop,male,31,10,3824,175,0,0
24.09.2015,Campaign_13,google / cpc,Kyiv,desktop,female,17,14,446,29,0,0
24.09.2015,Campaign_13,google / cpc,Kyiv,desktop,male,19,16,549,25,0,0
25.09.2015,Campaign_1,Direct / cpc,Kyiv,desktop,male,14,2,1378,51,0,0
25.09.2015,Campaign_14,Direct / cpc,Kyiv,desktop,female,12,4,1537,48,0,0
25.09.2015,Campaign_2,Direct / cpc,Kharkiv,desktop,male,16,2,2847,84,0,0
25.09.2015,Campaign_2,Direct / cpc,Kyiv,desktop,male,19,9,933,45,0,0
25.09.2015,Campaign_15,Direct / cpc,Kyiv,desktop,female,37,15,4364,133,1,"2070,797141"
25.09.2015,Campaign_15,Direct / cpc,Kyiv,desktop,male,20,12,815,34,0,0
25.09.2015,Campaign_16,Direct / cpc,Kyiv,desktop,male,17,9,2728,67,0,0
25.09.2015,Campaign_4,Direct / cpc,Dnepropetrovsk,desktop,male,11,4,993,30,0,0
25.09.2015,Campaign_4,Direct / cpc,Kharkiv,desktop,female,21,6,2483,68,0,0
25.09.2015,Campaign_4,Direct / cpc,Kyiv,desktop,female,30,14,3621,119,1,"1613,656561"
25.09.2015,Campaign_4,Direct / cpc,Kyiv,desktop,male,16,2,3786,84,0,0
25.09.2015,Campaign_17,Direct / cpc,Kyiv,desktop,male,10,0,3624,67,0,0
25.09.2015,Campaign_5,Direct / cpc,Donetsk,desktop,male,14,6,858,34,0,0
25.09.2015,Campaign_5,Direct / cpc,Kyiv,desktop,male,32,6,4909,122,0,0
25.09.2015,Campaign_18,google / cpc,Dnepropetrovsk,desktop,male,15,9,1371,51,0,0
25.09.2015,Campaign_18,google / cpc,Donetsk,desktop,male,14,5,1396,48,0,0
25.09.2015,Campaign_18,google / cpc,Kharkiv,desktop,female,16,12,619,26,0,0
25.09.2015,Campaign_18,google / cpc,Kharkiv,desktop,male,14,10,832,35,0,0
25.09.2015,Campaign_18,google / cpc,Kyiv,desktop,female,66,39,8289,255,0,0
25.09.2015,Campaign_18,google / cpc,Kyiv,desktop,male,101,39,16684,498,1,"8694,366642"
25.09.2015,Campaign_18,google / cpc,Lviv,desktop,female,16,15,78,19,0,0
25.09.2015,Campaign_18,google / cpc,Lviv,desktop,male,17,11,2768,80,0,0
25.09.2015,Campaign_18,google / cpc,Odessa,desktop,female,12,5,1466,63,0,0
25.09.2015,Campaign_18,google / cpc,Odessa,desktop,male,17,7,3453,86,0,0
25.09.2015,Campaign_18,google / cpc,Poltava,desktop,male,17,9,1027,37,0,0
25.09.2015,Campaign_18,google / cpc,Zaporizhia,desktop,male,21,11,1458,66,0,0
25.09.2015,Campaign_19,Direct / cpc,Kyiv,desktop,male,20,4,3663,111,0,0
25.09.2015,Campaign_20,google / cpc,Kyiv,desktop,female,19,2,2533,73,0,0
25.09.2015,Campaign_20,google / cpc,Kyiv,desktop,male,20,10,940,50,0,0
25.09.2015,Campaign_6,google / cpc,Kyiv,desktop,male,15,7,1114,42,0,0
25.09.2015,Campaign_7,google / cpc,Kyiv,desktop,female,57,17,7443,241,2,"2024,834637"
25.09.2015,Campaign_7,google / cpc,Kyiv,desktop,male,93,20,16251,585,0,0
25.09.2015,Campaign_21,google / cpc,Lviv,desktop,female,12,6,489,24,0,0
25.09.2015,Campaign_8,google / cpc,Kyiv,desktop,female,39,22,2714,99,0,0
25.09.2015,Campaign_8,google / cpc,Kyiv,desktop,male,20,15,1252,48,0,0
25.09.2015,Campaign_22,google / cpc,Kyiv,desktop,female,12,2,3175,72,0,0
25.09.2015,Campaign_22,google / cpc,Kyiv,desktop,male,17,6,1084,63,0,0
25.09.2015,Campaign_23,google / cpc,Kyiv,desktop,male,11,9,391,16,0,0
25.09.2015,Campaign_10,google / cpc,Kyiv,desktop,female,43,19,4426,154,0,0
25.09.2015,Campaign_10,google / cpc,Kyiv,desktop,male,53,24,8761,260,2,"17690,59514"
25.09.2015,Campaign_11,google / cpc,Kyiv,desktop,female,29,14,1712,92,0,0
25.09.2015,Campaign_11,google / cpc,Kyiv,desktop,male,41,17,6978,240,0,0
25.09.2015,Campaign_11,google / cpc,Kyiv,mobile,female,10,4,729,20,0,0
25.09.2015,Campaign_12,google / cpc,Kyiv,desktop,female,27,16,3999,124,0,0
25.09.2015,Campaign_12,google / cpc,Kyiv,desktop,male,41,14,6493,190,0,0
25.09.2015,Campaign_13,google / cpc,Kyiv,desktop,female,10,5,535,20,0,0
25.09.2015,Campaign_13,google / cpc,Kyiv,desktop,male,16,10,1190,40,0,0
25.09.2015,Campaign_13,google / cpc,Kyiv,mobile,female,12,11,102,14,0,0
25.09.2015,Campaign_13,google / cpc,Kyiv,mobile,male,19,10,871,45,0,0
26.09.2015,Campaign_1,Direct / cpc,Kyiv,desktop,male,24,9,1584,57,0,0
26.09.2015,Campaign_14,Direct / cpc,Kyiv,desktop,female,11,6,2450,82,0,0
26.09.2015,Campaign_14,Direct / cpc,Kyiv,desktop,male,12,9,359,22,0,0
26.09.2015,Campaign_2,Direct / cpc,Kyiv,desktop,male,29,10,3570,120,0,0
26.09.2015,Campaign_15,Direct / cpc,Kyiv,desktop,female,21,6,1774,58,0,0
26.09.2015,Campaign_15,Direct / cpc,Kyiv,desktop,male,21,7,1452,88,0,0
26.09.2015,Campaign_16,Direct / cpc,Kyiv,desktop,female,12,6,806,29,0,0
26.09.2015,Campaign_4,Direct / cpc,Kharkiv,desktop,male,17,12,661,36,0,0
26.09.2015,Campaign_4,Direct / cpc,Kyiv,desktop,female,30,16,1593,65,0,0
26.09.2015,Campaign_4,Direct / cpc,Kyiv,desktop,male,42,16,7969,198,0,0
26.09.2015,Campaign_24,Direct / cpc,Kyiv,desktop,female,14,7,1004,45,0,0
26.09.2015,Campaign_25,Direct / cpc,Kyiv,desktop,male,17,7,1937,66,0,0
26.09.2015,Campaign_5,Direct / cpc,Kyiv,desktop,female,20,6,875,46,0,0
26.09.2015,Campaign_5,Direct / cpc,Kyiv,desktop,male,15,5,1065,35,0,0
26.09.2015,Campaign_18,google / cpc,Cherkasy,desktop,male,20,10,2256,72,0,0
26.09.2015,Campaign_18,google / cpc,Dnepropetrovsk,desktop,female,22,17,283,40,0,0
26.09.2015,Campaign_18,google / cpc,Dnepropetrovsk,desktop,male,31,17,881,63,0,0
26.09.2015,Campaign_18,google / cpc,Donetsk,desktop,female,10,7,853,39,0,0
26.09.2015,Campaign_18,google / cpc,Donetsk,desktop,male,32,20,1395,80,0,0
26.09.2015,Campaign_18,google / cpc,Ivano-Frankivsk,desktop,male,11,5,896,34,0,0
26.09.2015,Campaign_18,google / cpc,Kharkiv,desktop,female,22,15,965,60,0,0
26.09.2015,Campaign_18,google / cpc,Kharkiv,desktop,male,30,19,3174,117,0,0
26.09.2015,Campaign_18,google / cpc,Khmelnytskyi,desktop,male,12,9,821,35,0,0
26.09.2015,Campaign_18,google / cpc,Kryvyi Rih,desktop,female,10,9,22,14,0,0
26.09.2015,Campaign_18,google / cpc,Kryvyi Rih,desktop,male,10,5,2313,60,0,0
26.09.2015,Campaign_18,google / cpc,Kyiv,desktop,female,94,55,7892,275,0,0
26.09.2015,Campaign_18,google / cpc,Kyiv,desktop,male,137,73,12380,480,0,0
26.09.2015,Campaign_18,google / cpc,Kyiv,mobile,male,14,6,2596,65,0,0
26.09.2015,Campaign_18,google / cpc,Lviv,desktop,male,22,14,976,52,0,0
26.09.2015,Campaign_18,google / cpc,Odessa,desktop,male,40,9,11530,224,1,"6900,586755"
26.09.2015,Campaign_18,google / cpc,Poltava,desktop,male,11,7,906,25,0,0
26.09.2015,Campaign_18,google / cpc,Zaporizhia,desktop,female,19,11,476,37,0,0
26.09.2015,Campaign_18,google / cpc,Zaporizhia,desktop,male,20,10,4697,129,1,"275,775024"
26.09.2015,Campaign_19,Direct / cpc,Kyiv,desktop,female,17,6,1484,66,0,0
26.09.2015,Campaign_19,Direct / cpc,Kyiv,desktop,male,31,9,7994,246,0,0
26.09.2015,Campaign_20,google / cpc,Dnepropetrovsk,desktop,female,10,5,456,24,0,0
26.09.2015,Campaign_20,google / cpc,Dnepropetrovsk,desktop,male,12,4,3986,84,0,0
26.09.2015,Campaign_20,google / cpc,Donetsk,desktop,female,17,17,0,17,0,0
26.09.2015,Campaign_20,google / cpc,Donetsk,desktop,male,17,12,1476,56,0,0
26.09.2015,Campaign_20,google / cpc,Kharkiv,desktop,female,24,12,3171,63,0,0
26.09.2015,Campaign_20,google / cpc,Kharkiv,desktop,male,17,14,738,45,0,0
26.09.2015,Campaign_20,google / cpc,Kyiv,desktop,female,80,45,8950,344,0,0
26.09.2015,Campaign_20,google / cpc,Kyiv,desktop,male,37,26,1135,75,0,0
26.09.2015,Campaign_20,google / cpc,Kyiv,tablet,female,11,7,657,21,0,0
26.09.2015,Campaign_20,google / cpc,Lviv,desktop,female,10,7,373,22,0,0
26.09.2015,Campaign_20,google / cpc,Odessa,desktop,female,20,14,1609,42,0,0
26.09.2015,Campaign_20,google / cpc,Zaporizhia,desktop,female,20,12,4415,84,0,0
26.09.2015,Campaign_20,google / cpc,Zaporizhia,desktop,male,17,11,2066,55,0,0
26.09.2015,Campaign_6,google / cpc,Kyiv,desktop,male,16,9,594,36,0,0
26.09.2015,Campaign_7,google / cpc,Kyiv,desktop,female,31,11,4519,142,1,"3975,135484"
26.09.2015,Campaign_7,google / cpc,Kyiv,desktop,male,46,12,6845,280,0,0
26.09.2015,Campaign_8,google / cpc,Kyiv,desktop,female,19,10,1042,57,0,0
26.09.2015,Campaign_8,google / cpc,Kyiv,desktop,male,15,11,307,27,0,0
26.09.2015,Campaign_8,google / cpc,Kyiv,mobile,female,10,6,198,19,0,0
26.09.2015,Campaign_10,google / cpc,Kyiv,desktop,female,27,9,2353,89,1,"11647,14697"
26.09.2015,Campaign_10,google / cpc,Kyiv,desktop,male,27,10,3928,133,0,0
26.09.2015,Campaign_10,google / cpc,Kyiv,mobile,male,15,7,949,47,0,0
26.09.2015,Campaign_11,google / cpc,Kyiv,desktop,female,27,10,2114,89,0,0
26.09.2015,Campaign_11,google / cpc,Kyiv,desktop,male,26,12,2615,68,1,"1613,656561"
26.09.2015,Campaign_26,google / cpc,Lviv,desktop,male,14,6,1330,56,0,0
26.09.2015,Campaign_12,google / cpc,Kyiv,desktop,male,21,6,2689,91,0,0
26.09.2015,Campaign_13,google / cpc,Kyiv,desktop,female,21,17,196,25,0,0
26.09.2015,Campaign_13,google / cpc,Kyiv,desktop,male,17,12,545,31,0,0
27.09.2015,Campaign_1,Direct / cpc,Kyiv,desktop,female,16,9,558,40,0,0
27.09.2015,Campaign_1,Direct / cpc,Kyiv,desktop,male,14,4,966,42,0,0
27.09.2015,Campaign_2,Direct / cpc,Kyiv,desktop,female,10,6,979,25,0,0
27.09.2015,Campaign_2,Direct / cpc,Kyiv,desktop,male,17,6,1113,39,0,0
27.09.2015,Campaign_15,Direct / cpc,Kyiv,desktop,female,19,10,1081,45,0,0
27.09.2015,Campaign_15,Direct / cpc,Kyiv,desktop,male,30,16,2759,70,0,0
27.09.2015,Campaign_4,Direct / cpc,Dnepropetrovsk,desktop,male,14,6,1466,60,0,0
27.09.2015,Campaign_4,Direct / cpc,Kharkiv,desktop,female,14,5,436,36,0,0
27.09.2015,Campaign_4,Direct / cpc,Kyiv,desktop,female,25,7,1441,60,0,0
27.09.2015,Campaign_4,Direct / cpc,Kyiv,desktop,male,26,10,1306,55,0,0
27.09.2015,Campaign_17,Direct / cpc,Kyiv,desktop,male,10,2,2139,63,0,0
27.09.2015,Campaign_5,Direct / cpc,Kyiv,desktop,male,16,2,2841,86,1,"5172,645049"
27.09.2015,Campaign_18,google / cpc,Dnepropetrovsk,desktop,female,19,14,652,42,0,0
27.09.2015,Campaign_18,google / cpc,Dnepropetrovsk,desktop,male,41,19,6999,196,0,0
27.09.2015,Campaign_18,google / cpc,Donetsk,desktop,male,32,15,3072,96,0,0
27.09.2015,Campaign_18,google / cpc,Kharkiv,desktop,female,29,14,2081,89,0,0
27.09.2015,Campaign_18,google / cpc,Kharkiv,desktop,male,41,21,2118,91,0,0
27.09.2015,Campaign_18,google / cpc,Kyiv,desktop,female,92,55,5697,225,0,0
27.09.2015,Campaign_18,google / cpc,Kyiv,desktop,male,166,77,14578,547,0,0
27.09.2015,Campaign_18,google / cpc,Kyiv,mobile,male,26,12,4911,124,0,0
27.09.2015,Campaign_18,google / cpc,Kyiv,tablet,male,16,10,1427,53,0,0
27.09.2015,Campaign_18,google / cpc,Lviv,desktop,male,26,14,3730,138,0,0
27.09.2015,Campaign_18,google / cpc,Mariupol',desktop,female,10,6,930,30,0,0
27.09.2015,Campaign_18,google / cpc,Mykolaiv,desktop,male,24,14,2042,76,2,"7950,270969"
27.09.2015,Campaign_18,google / cpc,Odessa,desktop,female,12,11,395,25,0,0
27.09.2015,Campaign_18,google / cpc,Odessa,desktop,male,17,9,1764,57,0,0
27.09.2015,Campaign_18,google / cpc,Sumy,desktop,male,16,9,793,39,0,0
27.09.2015,Campaign_18,google / cpc,Zaporizhia,desktop,male,30,21,2757,67,0,0
27.09.2015,Campaign_19,Direct / cpc,Kharkiv,desktop,male,12,1,1227,47,0,0
27.09.2015,Campaign_19,Direct / cpc,Kyiv,desktop,female,20,2,2934,87,0,0
27.09.2015,Campaign_19,Direct / cpc,Kyiv,desktop,male,34,11,8766,195,0,0
27.09.2015,Campaign_19,Direct / cpc,Odessa,desktop,male,11,1,1940,80,0,0
27.09.2015,Campaign_20,google / cpc,Dnepropetrovsk,desktop,female,16,12,755,31,0,0
27.09.2015,Campaign_20,google / cpc,Donetsk,desktop,female,15,15,0,15,0,0
27.09.2015,Campaign_20,google / cpc,Kharkiv,desktop,female,12,5,1363,40,0,0
27.09.2015,Campaign_20,google / cpc,Kharkiv,desktop,male,15,10,549,25,0,0
27.09.2015,Campaign_20,google / cpc,Kyiv,desktop,female,58,31,9814,273,0,0
27.09.2015,Campaign_20,google / cpc,Kyiv,desktop,male,30,16,1943,63,0,0
27.09.2015,Campaign_20,google / cpc,Kyiv,tablet,female,16,12,689,20,0,0
27.09.2015,Campaign_20,google / cpc,Lviv,desktop,male,20,7,1386,56,0,0
27.09.2015,Campaign_20,google / cpc,Odessa,desktop,female,12,9,1098,26,0,0
27.09.2015,Campaign_20,google / cpc,Simferopol,desktop,female,12,9,574,24,0,0
27.09.2015,Campaign_20,google / cpc,Sumy,desktop,male,11,5,583,27,0,0
27.09.2015,Campaign_20,google / cpc,Zaporizhia,desktop,female,10,5,650,30,0,0
27.09.2015,Campaign_6,google / cpc,Kyiv,desktop,male,11,4,761,40,0,0
27.09.2015,Campaign_7,google / cpc,Kyiv,desktop,female,19,1,3124,123,0,0
27.09.2015,Campaign_7,google / cpc,Kyiv,desktop,male,57,17,9353,323,2,"12942,79269"
27.09.2015,Campaign_8,google / cpc,Kyiv,desktop,female,35,12,3318,123,0,0
27.09.2015,Campaign_8,google / cpc,Kyiv,desktop,male,20,7,1909,72,0,0
27.09.2015,Campaign_8,google / cpc,Kyiv,mobile,female,15,7,1036,37,0,0
27.09.2015,Campaign_27,google / cpc,Kyiv,desktop,female,11,1,722,42,0,0
27.09.2015,Campaign_10,google / cpc,Kyiv,desktop,female,22,10,2437,71,0,0
27.09.2015,Campaign_10,google / cpc,Kyiv,desktop,male,48,19,4683,158,0,0
27.09.2015,Campaign_11,google / cpc,Kyiv,desktop,female,14,6,446,32,0,0
27.09.2015,Campaign_11,google / cpc,Kyiv,desktop,male,21,12,2084,52,0,0
27.09.2015,Campaign_11,google / cpc,Kyiv,mobile,male,11,5,1313,31,0,0
27.09.2015,Campaign_12,google / cpc,Kyiv,desktop,female,21,9,3171,116,0,0
27.09.2015,Campaign_12,google / cpc,Kyiv,desktop,male,12,9,212,26,0,0
27.09.2015,Campaign_13,google / cpc,Kyiv,desktop,female,12,11,77,15,0,0
27.09.2015,Campaign_13,google / cpc,Kyiv,mobile,female,19,19,0,19,0,0
28.09.2015,Campaign_28,google / cpc,Kyiv,mobile,female,17,17,0,17,0,0
28.09.2015,Campaign_1,Direct / cpc,Kyiv,desktop,male,15,6,2009,55,0,0
28.09.2015,Campaign_2,Direct / cpc,Kyiv,desktop,female,14,6,453,24,0,0
28.09.2015,Campaign_2,Direct / cpc,Kyiv,desktop,male,21,11,1881,94,0,0
28.09.2015,Campaign_15,Direct / cpc,Kyiv,desktop,female,34,12,4861,137,0,0
28.09.2015,Campaign_15,Direct / cpc,Kyiv,desktop,male,19,9,861,36,0,0
28.09.2015,Campaign_3,Direct / cpc,Kyiv,desktop,female,16,4,1976,91,0,0
28.09.2015,Campaign_3,Direct / cpc,Kyiv,desktop,male,14,7,2060,65,1,"1240,987609"
28.09.2015,Campaign_4,Direct / cpc,Kharkiv,desktop,female,12,5,2216,60,0,0
28.09.2015,Campaign_4,Direct / cpc,Kyiv,desktop,female,32,14,2940,82,0,0
28.09.2015,Campaign_4,Direct / cpc,Kyiv,desktop,male,12,6,524,22,0,0
28.09.2015,Campaign_17,Direct / cpc,Kyiv,desktop,male,16,5,1179,47,0,0
28.09.2015,Campaign_25,Direct / cpc,Kyiv,desktop,male,15,9,840,29,0,0
28.09.2015,Campaign_29,Direct / cpc,Kyiv,desktop,male,14,5,1948,71,0,0
28.09.2015,Campaign_5,Direct / cpc,Kyiv,desktop,male,22,7,3681,81,0,0
28.09.2015,Campaign_18,google / cpc,Dnepropetrovsk,desktop,female,14,10,1063,48,0,0
28.09.2015,Campaign_18,google / cpc,Dnepropetrovsk,desktop,male,41,15,8224,232,1,"247,203738"
28.09.2015,Campaign_18,google / cpc,Donetsk,desktop,female,19,12,716,29,0,0
28.09.2015,Campaign_18,google / cpc,Donetsk,desktop,male,21,11,2384,82,0,0
28.09.2015,Campaign_18,google / cpc,Kharkiv,desktop,female,26,17,995,48,0,0
28.09.2015,Campaign_18,google / cpc,Kharkiv,desktop,male,56,22,7949,200,0,0
28.09.2015,Campaign_18,google / cpc,Kirovohrad,desktop,male,15,5,1396,61,0,0
28.09.2015,Campaign_18,google / cpc,Kryvyi Rih,desktop,male,10,6,243,20,0,0
28.09.2015,Campaign_18,google / cpc,Kyiv,desktop,female,155,77,20881,687,0,0
28.09.2015,Campaign_18,google / cpc,Kyiv,desktop,male,196,99,21661,693,0,0
28.09.2015,Campaign_18,google / cpc,Kyiv,tablet,male,16,15,492,25,0,0
28.09.2015,Campaign_18,google / cpc,Lviv,desktop,female,22,20,188,40,0,0
28.09.2015,Campaign_18,google / cpc,Lviv,desktop,male,24,12,1491,73,0,0
28.09.2015,Campaign_18,google / cpc,Mariupol',desktop,male,16,11,702,31,0,0
28.09.2015,Campaign_18,google / cpc,Odessa,desktop,female,22,17,656,36,0,0
28.09.2015,Campaign_18,google / cpc,Odessa,desktop,male,19,9,1981,92,0,0
28.09.2015,Campaign_18,google / cpc,Vinnytsia,desktop,male,10,7,337,16,0,0
28.09.2015,Campaign_18,google / cpc,Zaporizhia,desktop,female,24,7,5108,122,1,"939,125758"
28.09.2015,Campaign_18,google / cpc,Zaporizhia,desktop,male,25,17,1939,86,0,0
28.09.2015,Campaign_19,Direct / cpc,Kyiv,desktop,female,32,16,2804,130,1,"1599,992032"
28.09.2015,Campaign_19,Direct / cpc,Kyiv,desktop,male,48,11,14419,340,0,0
28.09.2015,Campaign_20,google / cpc,Dnepropetrovsk,desktop,male,24,19,609,35,0,0
28.09.2015,Campaign_20,google / cpc,Donetsk,desktop,female,24,15,1312,47,0,0
28.09.2015,Campaign_20,google / cpc,Kharkiv,desktop,female,25,19,748,48,0,0
28.09.2015,Campaign_20,google / cpc,Kharkiv,desktop,male,11,9,493,16,0,0
28.09.2015,Campaign_20,google / cpc,Kyiv,desktop,female,61,27,6404,179,0,0
28.09.2015,Campaign_20,google / cpc,Kyiv,desktop,male,30,15,2414,67,0,0
28.09.2015,Campaign_20,google / cpc,Lviv,desktop,female,25,16,2779,91,0,0
28.09.2015,Campaign_20,google / cpc,Odessa,desktop,female,16,9,896,43,0,0
28.09.2015,Campaign_20,google / cpc,Simferopol,desktop,female,14,7,1422,36,0,0
28.09.2015,Campaign_20,google / cpc,Zaporizhia,desktop,female,11,6,1368,25,0,0
28.09.2015,Campaign_20,google / cpc,Zaporizhia,desktop,male,10,7,92,14,0,0
28.09.2015,Campaign_6,google / cpc,Kyiv,desktop,male,21,10,883,51,0,0
28.09.2015,Campaign_7,google / cpc,Kyiv,desktop,female,101,34,16604,518,1,"6582,575916"
28.09.2015,Campaign_7,google / cpc,Kyiv,desktop,male,134,37,19158,605,0,0
28.09.2015,Campaign_8,google / cpc,Kyiv,desktop,female,30,15,4063,117,0,0
28.09.2015,Campaign_8,google / cpc,Kyiv,desktop,male,22,16,354,31,0,0
28.09.2015,Campaign_22,google / cpc,Kyiv,desktop,female,16,4,6995,198,0,0
28.09.2015,Campaign_22,google / cpc,Kyiv,desktop,male,12,6,1313,66,0,0
28.09.2015,Campaign_23,google / cpc,Kyiv,desktop,female,22,14,877,47,0,0
28.09.2015,Campaign_10,google / cpc,Kyiv,desktop,female,26,12,3125,88,0,0
28.09.2015,Campaign_10,google / cpc,Kyiv,desktop,male,40,10,6635,189,1,"5172,645049"
28.09.2015,Campaign_10,google / cpc,Kyiv,tablet,male,37,11,8591,175,2,"27607,31594"
28.09.2015,Campaign_11,google / cpc,Kyiv,desktop,female,11,6,1046,31,0,0
28.09.2015,Campaign_11,google / cpc,Kyiv,desktop,male,37,25,3357,124,0,0
28.09.2015,Campaign_12,google / cpc,Kyiv,desktop,female,31,14,2529,87,0,0
28.09.2015,Campaign_12,google / cpc,Kyiv,desktop,male,21,7,1588,70,0,0
28.09.2015,Campaign_13,google / cpc,Kyiv,desktop,female,29,22,407,40,0,0
28.09.2015,Campaign_13,google / cpc,Kyiv,desktop,male,29,22,708,50,0,0
28.09.2015,Campaign_13,google / cpc,Kyiv,mobile,female,12,9,240,19,0,0
29.09.2015,Campaign_1,Direct / cpc,Kyiv,desktop,female,14,5,1153,35,0,0
29.09.2015,Campaign_1,Direct / cpc,Kyiv,desktop,male,21,14,1009,62,0,0
29.09.2015,Campaign_14,Direct / cpc,Kyiv,desktop,male,14,9,604,34,0,0
29.09.2015,Campaign_2,Direct / cpc,Dnepropetrovsk,desktop,male,11,2,1082,32,0,0
29.09.2015,Campaign_2,Direct / cpc,Kyiv,desktop,male,26,9,2410,86,0,0
29.09.2015,Campaign_15,Direct / cpc,Donetsk,desktop,female,14,6,763,30,0,0
29.09.2015,Campaign_15,Direct / cpc,Kharkiv,desktop,female,14,5,586,32,0,0
29.09.2015,Campaign_15,Direct / cpc,Kyiv,desktop,female,31,17,1122,58,0,0
29.09.2015,Campaign_3,Direct / cpc,Kyiv,desktop,male,15,4,1873,72,0,0
29.09.2015,Campaign_30,Direct / cpc,Kyiv,desktop,female,11,5,493,22,0,0
29.09.2015,Campaign_4,Direct / cpc,Kharkiv,desktop,female,16,9,1391,40,0,0
29.09.2015,Campaign_4,Direct / cpc,Kharkiv,desktop,male,12,6,612,29,0,0
29.09.2015,Campaign_4,Direct / cpc,Kyiv,desktop,female,32,14,3660,140,0,0
29.09.2015,Campaign_4,Direct / cpc,Kyiv,desktop,male,19,6,2148,56,0,0
29.09.2015,Campaign_18,google / cpc,Kharkiv,desktop,male,16,6,944,47,0,0
29.09.2015,Campaign_18,google / cpc,Kyiv,desktop,female,47,22,3597,170,0,0
29.09.2015,Campaign_18,google / cpc,Kyiv,desktop,male,68,41,5552,214,0,0
29.09.2015,Campaign_18,google / cpc,Zaporizhia,desktop,male,15,5,3611,109,0,0
29.09.2015,Campaign_19,Direct / cpc,Kyiv,desktop,female,15,6,1599,48,0,0
29.09.2015,Campaign_19,Direct / cpc,Kyiv,desktop,male,27,5,7920,222,0,0
29.09.2015,Campaign_20,google / cpc,Kyiv,desktop,female,24,11,2262,50,0,0
29.09.2015,Campaign_7,google / cpc,Kyiv,desktop,female,30,14,3089,107,2,"2758,992472"
29.09.2015,Campaign_7,google / cpc,Kyiv,desktop,male,61,19,9441,329,1,"22455,7888"
29.09.2015,Campaign_8,google / cpc,Kyiv,desktop,female,22,11,1571,68,0,0
29.09.2015,Campaign_8,google / cpc,Kyiv,desktop,male,11,6,461,25,0,0
29.09.2015,Campaign_22,google / cpc,Kyiv,desktop,female,11,4,2048,82,0,0
29.09.2015,Campaign_10,google / cpc,Kyiv,desktop,female,14,6,1725,71,0,0
29.09.2015,Campaign_10,google / cpc,Kyiv,desktop,male,34,14,2624,103,0,0
29.09.2015,Campaign_10,google / cpc,Kyiv,mobile,male,16,5,1575,56,0,0
29.09.2015,Campaign_11,google / cpc,Kyiv,desktop,female,20,12,1236,55,0,0
29.09.2015,Campaign_11,google / cpc,Kyiv,desktop,male,22,9,2316,62,0,0
29.09.2015,Campaign_12,google / cpc,Kyiv,desktop,female,20,5,4952,118,0,0
29.09.2015,Campaign_12,google / cpc,Kyiv,desktop,male,34,19,2729,102,0,0
29.09.2015,Campaign_13,google / cpc,Kyiv,desktop,female,17,14,766,29,0,0
29.09.2015,Campaign_13,google / cpc,Kyiv,desktop,male,19,15,358,24,0,0
29.09.2015,Campaign_13,google / cpc,Kyiv,mobile,female,12,11,205,15,0,0
30.09.2015,Campaign_1,Direct / cpc,Kyiv,desktop,female,17,9,964,36,0,0
30.09.2015,Campaign_1,Direct / cpc,Kyiv,desktop,male,27,10,5632,190,0,0
30.09.2015,Campaign_15,Direct / cpc,Dnepropetrovsk,desktop,male,11,6,929,32,0,0
30.09.2015,Campaign_15,Direct / cpc,Kyiv,desktop,female,22,12,1836,73,0,0
30.09.2015,Campaign_4,Direct / cpc,Kharkiv,desktop,female,20,9,4101,87,0,0
30.09.2015,Campaign_4,Direct / cpc,Kyiv,desktop,female,21,10,1242,53,0,0
30.09.2015,Campaign_4,Direct / cpc,Kyiv,desktop,male,17,9,1696,68,0,0
30.09.2015,Campaign_25,Direct / cpc,Kyiv,desktop,male,15,9,1226,45,0,0
30.09.2015,Campaign_19,Direct / cpc,Kyiv,desktop,male,30,5,5421,161,0,0
01.10.2015,Campaign_1,Direct / cpc,Kyiv,desktop,female,16,7,775,48,0,0
01.10.2015,Campaign_15,Direct / cpc,Dnepropetrovsk,desktop,female,14,9,619,34,0,0
01.10.2015,Campaign_15,Direct / cpc,Kyiv,desktop,female,25,14,1707,52,0,0
01.10.2015,Campaign_15,Direct / cpc,Kyiv,desktop,male,21,10,1384,48,0,0
01.10.2015,Campaign_31,Direct / cpc,Dnepropetrovsk,desktop,male,11,7,620,21,0,0
01.10.2015,Campaign_31,Direct / cpc,Kharkiv,desktop,female,36,19,1544,86,0,0
01.10.2015,Campaign_31,Direct / cpc,Kharkiv,desktop,male,16,12,537,29,0,0
01.10.2015,Campaign_31,Direct / cpc,Kyiv,desktop,female,43,22,5170,143,0,0
01.10.2015,Campaign_31,Direct / cpc,Kyiv,desktop,male,16,5,3580,104,0,0
01.10.2015,Campaign_31,Direct / cpc,Odessa,desktop,female,12,5,463,27,0,0
01.10.2015,Campaign_4,Direct / cpc,Kharkiv,desktop,female,19,10,3856,61,0,0
01.10.2015,Campaign_4,Direct / cpc,Kharkiv,desktop,male,17,7,2713,73,0,0
01.10.2015,Campaign_4,Direct / cpc,Kyiv,desktop,female,26,12,1375,58,0,0
01.10.2015,Campaign_4,Direct / cpc,Kyiv,desktop,male,27,11,1585,76,0,0
01.10.2015,Campaign_17,Direct / cpc,Kyiv,desktop,male,11,5,757,26,0,0
01.10.2015,Campaign_24,Direct / cpc,Kyiv,desktop,female,10,5,1230,51,0,0
01.10.2015,Campaign_25,Direct / cpc,Kyiv,desktop,female,12,6,791,34,0,0
01.10.2015,Campaign_25,Direct / cpc,Kyiv,desktop,male,16,7,780,37,0,0
01.10.2015,Campaign_5,Direct / cpc,Kyiv,desktop,male,20,4,2774,78,0,0
01.10.2015,Campaign_19,Direct / cpc,Kyiv,desktop,male,21,12,1359,76,0,0
01.10.2015,Campaign_8,google / cpc,Kyiv,desktop,female,29,15,1399,57,0,0
01.10.2015,Campaign_8,google / cpc,Kyiv,desktop,male,41,26,2579,88,0,0
01.10.2015,Campaign_22,google / cpc,Kyiv,desktop,female,20,9,2406,80,0,0
01.10.2015,Campaign_22,google / cpc,Kyiv,desktop,male,15,4,2083,81,0,0
01.10.2015,Campaign_9,google / cpc,Odessa,desktop,male,14,1,1154,57,0,0
01.10.2015,Campaign_10,google / cpc,Kyiv,desktop,female,29,12,3161,88,0,0
01.10.2015,Campaign_10,google / cpc,Kyiv,desktop,male,42,19,3991,169,0,0
01.10.2015,Campaign_10,google / cpc,Kyiv,mobile,female,11,6,651,35,0,0
01.10.2015,Campaign_10,google / cpc,Kyiv,mobile,male,14,7,3524,89,0,0
01.10.2015,Campaign_32,google / cpc,Kharkiv,desktop,male,12,7,1679,45,0,0
01.10.2015,Campaign_11,google / cpc,Kyiv,desktop,female,31,17,2747,107,0,0
01.10.2015,Campaign_11,google / cpc,Kyiv,desktop,male,57,25,8667,207,0,0
01.10.2015,Campaign_11,google / cpc,Kyiv,mobile,female,20,10,1820,58,0,0
01.10.2015,Campaign_11,google / cpc,Kyiv,mobile,male,20,6,4104,99,0,0
02.10.2015,Campaign_33,google / cpc,(not set),mobile,male,15,15,0,15,0,0
02.10.2015,Campaign_33,google / cpc,Kyiv,desktop,female,34,31,728,46,0,0
02.10.2015,Campaign_33,google / cpc,Kyiv,desktop,male,56,50,800,84,0,0
02.10.2015,Campaign_33,google / cpc,Kyiv,mobile,female,16,12,241,21,0,0
02.10.2015,Campaign_33,google / cpc,Kyiv,mobile,male,16,15,60,17,0,0
02.10.2015,Campaign_33,google / cpc,Kyiv,tablet,female,10,10,0,10,0,0
02.10.2015,Campaign_33,google / cpc,Odessa,desktop,male,14,11,116,19,0,0
02.10.2015,Campaign_34,google / cpc,Kyiv,desktop,female,26,24,40,29,0,0
02.10.2015,Campaign_34,google / cpc,Kyiv,desktop,male,31,24,706,42,0,0
02.10.2015,Campaign_1,Direct / cpc,Kyiv,desktop,female,14,9,865,27,1,"2234,77148"
02.10.2015,Campaign_1,Direct / cpc,Kyiv,desktop,male,14,6,422,27,0,0
02.10.2015,Campaign_15,Direct / cpc,Kyiv,desktop,female,27,16,1405,48,0,0
02.10.2015,Campaign_15,Direct / cpc,Kyiv,desktop,male,26,11,2903,82,0,0
02.10.2015,Campaign_3,Direct / cpc,Kyiv,desktop,male,25,9,4012,117,0,0
02.10.2015,Campaign_31,Direct / cpc,Dnepropetrovsk,desktop,female,14,6,468,30,0,0
02.10.2015,Campaign_31,Direct / cpc,Kharkiv,desktop,female,37,19,2040,106,0,0
02.10.2015,Campaign_31,Direct / cpc,Kharkiv,desktop,male,36,20,4098,150,0,0
02.10.2015,Campaign_31,Direct / cpc,Kyiv,desktop,female,32,15,3862,134,1,"1375,148432"
02.10.2015,Campaign_31,Direct / cpc,Kyiv,desktop,male,24,12,1795,67,0,0
02.10.2015,Campaign_31,Direct / cpc,Odessa,desktop,female,11,6,949,41,0,0
02.10.2015,Campaign_16,Direct / cpc,Kyiv,desktop,female,14,7,1206,40,0,0
02.10.2015,Campaign_4,Direct / cpc,Kyiv,desktop,female,25,15,970,48,0,0
02.10.2015,Campaign_4,Direct / cpc,Kyiv,desktop,male,19,11,1318,57,0,0
02.10.2015,Campaign_19,Direct / cpc,Kyiv,desktop,female,10,5,476,25,0,0
02.10.2015,Campaign_19,Direct / cpc,Kyiv,desktop,male,24,7,3642,112,0,0
02.10.2015,Campaign_35,google / cpc,Kyiv,desktop,female,31,16,2291,91,0,0
02.10.2015,Campaign_35,google / cpc,Kyiv,desktop,male,37,24,1830,107,0,0
02.10.2015,Campaign_35,google / cpc,Kyiv,mobile,female,11,5,788,26,0,0
02.10.2015,Campaign_35,google / cpc,Kyiv,mobile,male,11,6,1026,47,0,0
02.10.2015,Campaign_36,google / cpc,Kyiv,desktop,male,15,6,1040,76,0,0
02.10.2015,Campaign_37,google / cpc,Kharkiv,desktop,male,10,7,222,19,0,0
02.10.2015,Campaign_37,google / cpc,Odessa,desktop,male,10,4,1281,39,0,0
02.10.2015,Campaign_7,google / cpc,Kyiv,desktop,female,55,22,8814,250,0,0
02.10.2015,Campaign_7,google / cpc,Kyiv,desktop,male,57,12,8199,297,2,"378,880101"
02.10.2015,Campaign_38,google / cpc,Kyiv,desktop,female,26,6,2384,155,0,0
02.10.2015,Campaign_38,google / cpc,Kyiv,desktop,male,14,10,694,27,0,0
02.10.2015,Campaign_21,google / cpc,Kharkiv,desktop,female,20,14,739,39,0,0
02.10.2015,Campaign_21,google / cpc,Odessa,desktop,female,16,11,286,25,0,0
02.10.2015,Campaign_8,google / cpc,Kyiv,desktop,female,111,51,9197,335,0,0
02.10.2015,Campaign_8,google / cpc,Kyiv,desktop,male,60,32,4386,153,0,0
02.10.2015,Campaign_8,google / cpc,Kyiv,mobile,female,27,22,1439,103,0,0
02.10.2015,Campaign_8,google / cpc,Kyiv,tablet,female,15,4,2448,67,0,0
02.10.2015,Campaign_22,google / cpc,Kharkiv,desktop,female,10,4,1422,53,0,0
02.10.2015,Campaign_22,google / cpc,Kyiv,desktop,female,29,11,3807,168,0,0
02.10.2015,Campaign_22,google / cpc,Kyiv,desktop,male,37,10,4036,173,0,0
02.10.2015,Campaign_27,google / cpc,Kyiv,desktop,female,35,12,7593,251,0,0
02.10.2015,Campaign_27,google / cpc,Kyiv,desktop,male,19,10,978,37,0,0
02.10.2015,Campaign_23,google / cpc,Kyiv,desktop,female,27,20,831,52,0,0
02.10.2015,Campaign_23,google / cpc,Kyiv,desktop,male,21,5,2966,103,0,0
02.10.2015,Campaign_39,google / cpc,Kyiv,desktop,male,20,7,1673,75,0,0
02.10.2015,Campaign_9,google / cpc,Dnepropetrovsk,desktop,male,17,2,2953,91,0,0
02.10.2015,Campaign_9,google / cpc,Kharkiv,desktop,male,14,4,2287,88,0,0
02.10.2015,Campaign_9,google / cpc,Lviv,desktop,male,16,9,899,50,0,0
02.10.2015,Campaign_9,google / cpc,Odessa,desktop,female,12,6,2076,46,0,0
02.10.2015,Campaign_9,google / cpc,Odessa,desktop,male,21,9,2676,97,0,0
02.10.2015,Campaign_10,google / cpc,(not set),mobile,male,14,7,1819,50,0,0
02.10.2015,Campaign_10,google / cpc,Kyiv,desktop,female,65,31,7499,234,0,0
02.10.2015,Campaign_10,google / cpc,Kyiv,desktop,male,123,41,12450,528,0,0
02.10.2015,Campaign_10,google / cpc,Kyiv,mobile,female,17,10,879,58,0,0
02.10.2015,Campaign_10,google / cpc,Kyiv,mobile,male,19,10,1076,46,0,0
02.10.2015,Campaign_10,google / cpc,Kyiv,tablet,male,16,9,2598,113,0,0
02.10.2015,Campaign_40,google / cpc,Kyiv,desktop,male,17,6,1096,42,0,0
02.10.2015,Campaign_32,google / cpc,Dnepropetrovsk,desktop,female,10,5,524,22,0,0
02.10.2015,Campaign_32,google / cpc,Kharkiv,desktop,male,12,6,851,35,0,0
02.10.2015,Campaign_32,google / cpc,Lviv,desktop,female,43,32,1071,88,0,0
02.10.2015,Campaign_32,google / cpc,Lviv,desktop,male,19,9,1096,37,0,0
02.10.2015,Campaign_32,google / cpc,Odessa,desktop,female,22,11,1901,61,0,0
02.10.2015,Campaign_32,google / cpc,Odessa,desktop,male,12,4,619,36,0,0
02.10.2015,Campaign_32,google / cpc,Zaporizhia,desktop,male,15,5,1261,58,0,0
02.10.2015,Campaign_11,google / cpc,Kyiv,desktop,female,101,51,11046,419,0,0
02.10.2015,Campaign_11,google / cpc,Kyiv,desktop,male,101,46,7042,306,0,0
02.10.2015,Campaign_11,google / cpc,Kyiv,mobile,female,31,19,3957,108,0,0
02.10.2015,Campaign_11,google / cpc,Kyiv,mobile,male,50,24,5749,196,0,0
03.10.2015,Campaign_33,google / cpc,(not set),mobile,male,12,10,199,15,0,0
03.10.2015,Campaign_33,google / cpc,Kyiv,desktop,female,24,19,868,31,0,0
03.10.2015,Campaign_33,google / cpc,Kyiv,desktop,male,34,31,653,45,0,0
03.10.2015,Campaign_33,google / cpc,Kyiv,mobile,female,14,10,245,21,0,0
03.10.2015,Campaign_33,google / cpc,Kyiv,mobile,male,22,17,747,45,0,0
03.10.2015,Campaign_33,google / cpc,Kyiv,tablet,male,11,9,73,14,0,0
03.10.2015,Campaign_33,google / cpc,Odessa,desktop,male,11,11,0,11,0,0
03.10.2015,Campaign_34,google / cpc,Kyiv,mobile,male,12,11,113,14,0,0
03.10.2015,Campaign_1,Direct / cpc,Kyiv,desktop,male,19,12,1820,65,0,0
03.10.2015,Campaign_15,Direct / cpc,Kharkiv,desktop,female,11,4,704,37,0,0
03.10.2015,Campaign_15,Direct / cpc,Kyiv,desktop,female,10,5,1308,37,0,0
03.10.2015,Campaign_15,Direct / cpc,Kyiv,desktop,male,17,10,3327,88,0,0
03.10.2015,Campaign_3,Direct / cpc,Kyiv,desktop,female,22,6,7566,199,2,"3104,332367"
03.10.2015,Campaign_31,Direct / cpc,Dnepropetrovsk,desktop,female,14,7,790,46,0,0
03.10.2015,Campaign_31,Direct / cpc,Donetsk,desktop,male,11,6,990,41,0,0
03.10.2015,Campaign_31,Direct / cpc,Kharkiv,desktop,female,21,9,2841,108,0,0
03.10.2015,Campaign_31,Direct / cpc,Kharkiv,desktop,male,27,12,1952,68,0,0
03.10.2015,Campaign_31,Direct / cpc,Kyiv,desktop,female,32,20,1759,88,0,0
03.10.2015,Campaign_31,Direct / cpc,Kyiv,desktop,male,26,10,2281,87,0,0
03.10.2015,Campaign_31,Direct / cpc,Odessa,desktop,male,11,5,1186,51,0,0
03.10.2015,Campaign_4,Direct / cpc,Kharkiv,desktop,female,14,11,179,20,0,0
03.10.2015,Campaign_4,Direct / cpc,Kyiv,desktop,female,35,17,3402,123,0,0
03.10.2015,Campaign_4,Direct / cpc,Kyiv,desktop,male,19,11,1339,41,0,0
03.10.2015,Campaign_25,Direct / cpc,Kyiv,desktop,male,10,5,190,17,0,0
03.10.2015,Campaign_35,google / cpc,Kyiv,desktop,male,16,6,670,57,0,0
03.10.2015,Campaign_7,google / cpc,Kyiv,desktop,male,21,9,1927,103,0,0
03.10.2015,Campaign_8,google / cpc,Kyiv,desktop,female,46,25,3580,184,0,0
03.10.2015,Campaign_8,google / cpc,Kyiv,desktop,male,36,19,1908,88,0,0
03.10.2015,Campaign_8,google / cpc,Kyiv,mobile,female,32,15,4918,144,0,0
03.10.2015,Campaign_22,google / cpc,Kyiv,desktop,female,10,4,1371,36,0,0
03.10.2015,Campaign_9,google / cpc,Dnepropetrovsk,desktop,male,15,4,2205,77,0,0
03.10.2015,Campaign_10,google / cpc,Kyiv,desktop,female,40,21,2698,102,0,0
03.10.2015,Campaign_10,google / cpc,Kyiv,desktop,male,61,25,5683,215,0,0
03.10.2015,Campaign_10,google / cpc,Kyiv,mobile,female,12,9,663,31,0,0
03.10.2015,Campaign_40,google / cpc,Kyiv,desktop,male,14,6,648,35,0,0
03.10.2015,Campaign_32,google / cpc,Kharkiv,desktop,female,15,5,1304,42,0,0
03.10.2015,Campaign_32,google / cpc,Kharkiv,desktop,male,15,7,1010,45,0,0
03.10.2015,Campaign_32,google / cpc,Odessa,desktop,female,11,4,1550,41,0,0
03.10.2015,Campaign_11,google / cpc,Kyiv,desktop,female,53,19,8143,313,0,0
03.10.2015,Campaign_11,google / cpc,Kyiv,desktop,male,60,40,3554,180,0,0
03.10.2015,Campaign_11,google / cpc,Kyiv,mobile,female,30,19,2333,70,0,0
03.10.2015,Campaign_11,google / cpc,Kyiv,mobile,male,17,12,1025,35,0,0
04.10.2015,Campaign_1,Direct / cpc,Kyiv,desktop,male,22,9,1667,66,0,0
04.10.2015,Campaign_14,Direct / cpc,Kyiv,desktop,male,11,4,1014,37,0,0
04.10.2015,Campaign_15,Direct / cpc,Kharkiv,desktop,female,12,4,979,29,0,0
04.10.2015,Campaign_15,Direct / cpc,Kyiv,desktop,female,25,10,2858,73,0,0
04.10.2015,Campaign_15,Direct / cpc,Kyiv,desktop,male,35,16,2204,78,0,0
04.10.2015,Campaign_31,Direct / cpc,Dnepropetrovsk,desktop,female,12,7,691,27,0,0
04.10.2015,Campaign_31,Direct / cpc,Donetsk,desktop,female,11,9,145,15,0,0
04.10.2015,Campaign_31,Direct / cpc,Kharkiv,desktop,female,32,19,1452,80,0,0
04.10.2015,Campaign_31,Direct / cpc,Kharkiv,desktop,male,37,15,2653,108,0,0
04.10.2015,Campaign_31,Direct / cpc,Kyiv,desktop,female,24,14,3176,112,0,0
04.10.2015,Campaign_31,Direct / cpc,Kyiv,desktop,male,27,17,770,52,0,0
04.10.2015,Campaign_31,Direct / cpc,Odessa,desktop,female,15,12,324,34,0,0
04.10.2015,Campaign_4,Direct / cpc,Kharkiv,desktop,female,11,5,948,39,0,0
04.10.2015,Campaign_4,Direct / cpc,Kyiv,desktop,female,47,21,3914,127,0,0
04.10.2015,Campaign_4,Direct / cpc,Kyiv,desktop,male,24,14,1686,65,0,0
04.10.2015,Campaign_17,Direct / cpc,Kyiv,desktop,male,15,2,2042,62,0,0
04.10.2015,Campaign_25,Direct / cpc,Kyiv,desktop,male,15,4,1407,43,0,0
04.10.2015,Campaign_5,Direct / cpc,Kyiv,desktop,male,17,4,5492,159,0,0
04.10.2015,Campaign_19,Direct / cpc,Kyiv,desktop,male,25,9,3171,84,0,0
05.10.2015,Campaign_1,Direct / cpc,Kyiv,desktop,female,16,2,1160,60,0,0
05.10.2015,Campaign_1,Direct / cpc,Kyiv,desktop,male,19,10,1441,58,0,0
05.10.2015,Campaign_15,Direct / cpc,Kyiv,desktop,female,17,5,1953,61,0,0
05.10.2015,Campaign_15,Direct / cpc,Kyiv,desktop,male,27,16,1945,66,0,0
05.10.2015,Campaign_3,Direct / cpc,Kyiv,desktop,male,12,4,1738,63,0,0
05.10.2015,Campaign_31,Direct / cpc,Kharkiv,desktop,female,45,21,3199,119,0,0
05.10.2015,Campaign_31,Direct / cpc,Kharkiv,desktop,male,19,14,452,37,0,0
05.10.2015,Campaign_31,Direct / cpc,Kyiv,desktop,female,21,14,1656,57,1,"1042,230835"
05.10.2015,Campaign_31,Direct / cpc,Kyiv,desktop,male,29,14,7237,152,0,0
05.10.2015,Campaign_31,Direct / cpc,Odessa,desktop,female,17,15,277,26,0,0
05.10.2015,Campaign_4,Direct / cpc,Dnepropetrovsk,desktop,female,11,1,1416,30,0,0
05.10.2015,Campaign_4,Direct / cpc,Donetsk,desktop,female,14,4,1876,52,0,0
05.10.2015,Campaign_4,Direct / cpc,Donetsk,desktop,male,19,11,1374,46,0,0
05.10.2015,Campaign_4,Direct / cpc,Kharkiv,desktop,female,21,12,1176,36,0,0
05.10.2015,Campaign_4,Direct / cpc,Kharkiv,desktop,male,26,14,1492,77,0,0
05.10.2015,Campaign_4,Direct / cpc,Kyiv,desktop,female,47,22,3166,124,0,0
05.10.2015,Campaign_4,Direct / cpc,Kyiv,desktop,male,42,20,3877,112,0,0
05.10.2015,Campaign_29,Direct / cpc,Kyiv,desktop,male,12,4,2291,55,0,0
06.10.2015,Campaign_1,Direct / cpc,Kyiv,desktop,male,17,9,993,52,0,0
06.10.2015,Campaign_15,Direct / cpc,Kyiv,desktop,female,15,4,1620,43,0,0
06.10.2015,Campaign_15,Direct / cpc,Kyiv,desktop,male,16,5,2955,65,0,0
06.10.2015,Campaign_30,Direct / cpc,Kyiv,desktop,female,10,5,431,22,0,0
06.10.2015,Campaign_4,Direct / cpc,Kharkiv,desktop,male,16,5,923,63,0,0
06.10.2015,Campaign_4,Direct / cpc,Kyiv,desktop,female,53,26,5235,173,0,0
06.10.2015,Campaign_4,Direct / cpc,Kyiv,desktop,male,58,34,5052,159,0,0
06.10.2015,Campaign_35,google / cpc,Kyiv,desktop,male,22,12,821,46,0,0
06.10.2015,Campaign_7,google / cpc,Kyiv,desktop,female,15,4,2733,71,0,0
06.10.2015,Campaign_7,google / cpc,Kyiv,desktop,male,22,2,3067,133,1,"1304,341331"
06.10.2015,Campaign_8,google / cpc,Kyiv,desktop,female,36,21,1094,80,0,0
06.10.2015,Campaign_8,google / cpc,Kyiv,desktop,male,31,17,1706,76,0,0
06.10.2015,Campaign_8,google / cpc,Kyiv,mobile,female,14,7,1758,63,0,0
06.10.2015,Campaign_10,google / cpc,Kyiv,desktop,female,36,16,2697,113,0,0
06.10.2015,Campaign_10,google / cpc,Kyiv,desktop,male,65,34,3887,189,0,0
06.10.2015,Campaign_11,google / cpc,Kyiv,desktop,female,36,19,2478,98,0,0
06.10.2015,Campaign_11,google / cpc,Kyiv,desktop,male,61,19,10268,400,0,0
06.10.2015,Campaign_11,google / cpc,Kyiv,mobile,female,21,9,1472,61,0,0
06.10.2015,Campaign_11,google / cpc,Kyiv,mobile,male,16,7,702,37,0,0
07.10.2015,Campaign_15,Direct / cpc,Kyiv,desktop,female,20,11,933,50,0,0
07.10.2015,Campaign_15,Direct / cpc,Kyiv,desktop,male,21,11,1475,45,0,0
07.10.2015,Campaign_4,Direct / cpc,Kyiv,desktop,female,35,24,3166,88,0,0
07.10.2015,Campaign_4,Direct / cpc,Kyiv,desktop,male,47,29,3948,171,0,0
07.10.2015,Campaign_17,Direct / cpc,Kyiv,desktop,female,12,5,995,32,0,0
07.10.2015,Campaign_17,Direct / cpc,Kyiv,desktop,male,31,11,2220,76,0,0
07.10.2015,Campaign_24,Direct / cpc,Kyiv,desktop,female,14,10,445,22,0,0
07.10.2015,Campaign_24,Direct / cpc,Kyiv,desktop,male,15,7,1765,46,0,0
07.10.2015,Campaign_41,Direct / cpc,Kyiv,desktop,male,14,11,487,19,0,0
07.10.2015,Campaign_35,google / cpc,Kyiv,desktop,female,17,7,815,40,0,0
07.10.2015,Campaign_35,google / cpc,Kyiv,desktop,male,16,11,898,40,0,0
07.10.2015,Campaign_7,google / cpc,Kyiv,desktop,male,11,4,1205,46,0,0
07.10.2015,Campaign_8,google / cpc,Kyiv,desktop,female,37,20,2807,139,0,0
07.10.2015,Campaign_8,google / cpc,Kyiv,desktop,male,26,6,3997,179,0,0
07.10.2015,Campaign_27,google / cpc,Kyiv,desktop,male,16,2,1979,61,0,0
07.10.2015,Campaign_23,google / cpc,Kyiv,desktop,male,10,4,2099,37,0,0
07.10.2015,Campaign_10,google / cpc,Kyiv,desktop,female,15,5,1127,53,0,0
07.10.2015,Campaign_10,google / cpc,Kyiv,desktop,male,58,27,4456,193,0,0
07.10.2015,Campaign_10,google / cpc,Kyiv,mobile,male,14,6,768,47,0,0
07.10.2015,Campaign_11,google / cpc,Kyiv,desktop,female,42,14,3975,138,0,0
07.10.2015,Campaign_11,google / cpc,Kyiv,desktop,male,27,19,1588,66,0,0
07.10.2015,Campaign_11,google / cpc,Kyiv,mobile,male,24,10,1944,88,0,0
08.10.2015,Campaign_1,Direct / cpc,Kyiv,desktop,male,12,6,463,26,0,0
08.10.2015,Campaign_15,Direct / cpc,Kyiv,desktop,female,27,12,2791,89,0,0
08.10.2015,Campaign_15,Direct / cpc,Kyiv,desktop,male,19,11,848,47,0,0
08.10.2015,Campaign_4,Direct / cpc,Kyiv,desktop,female,45,19,4676,152,0,0
08.10.2015,Campaign_4,Direct / cpc,Kyiv,desktop,male,29,11,3412,82,0,0
08.10.2015,Campaign_17,Direct / cpc,Kyiv,desktop,female,37,14,5873,207,0,0
08.10.2015,Campaign_17,Direct / cpc,Kyiv,desktop,male,24,11,3099,82,0,0
08.10.2015,Campaign_24,Direct / cpc,Kyiv,desktop,female,19,9,3974,132,0,0
08.10.2015,Campaign_24,Direct / cpc,Kyiv,desktop,male,27,16,6725,150,0,0
08.10.2015,Campaign_25,Direct / cpc,Kyiv,desktop,female,10,4,463,21,0,0
08.10.2015,Campaign_35,google / cpc,Kyiv,desktop,female,12,5,1463,67,0,0
08.10.2015,Campaign_35,google / cpc,Kyiv,desktop,male,20,14,276,30,0,0
08.10.2015,Campaign_35,google / cpc,Kyiv,mobile,female,14,7,257,24,0,0
08.10.2015,Campaign_7,google / cpc,Kyiv,desktop,female,15,9,1537,53,0,0
08.10.2015,Campaign_8,google / cpc,Kyiv,desktop,female,45,27,2267,114,1,"495,649706"
08.10.2015,Campaign_8,google / cpc,Kyiv,desktop,male,27,14,2961,80,0,0
08.10.2015,Campaign_8,google / cpc,Kyiv,mobile,female,19,7,1458,56,0,0
08.10.2015,Campaign_23,google / cpc,Kyiv,desktop,male,14,5,2279,92,0,0
08.10.2015,Campaign_10,google / cpc,(not set),mobile,male,12,7,1251,27,0,0
08.10.2015,Campaign_10,google / cpc,Kyiv,desktop,female,45,17,3573,143,1,"5345,314997"
08.10.2015,Campaign_10,google / cpc,Kyiv,desktop,male,72,20,7973,251,0,0
08.10.2015,Campaign_10,google / cpc,Kyiv,mobile,female,14,10,557,30,0,0
08.10.2015,Campaign_10,google / cpc,Kyiv,mobile,male,21,6,3606,88,0,0
08.10.2015,Campaign_11,google / cpc,Kyiv,desktop,female,39,20,4160,134,0,0
08.10.2015,Campaign_11,google / cpc,Kyiv,desktop,male,55,30,5470,166,0,0
08.10.2015,Campaign_11,google / cpc,Kyiv,mobile,female,30,14,2652,78,0,0
08.10.2015,Campaign_11,google / cpc,Kyiv,mobile,male,25,10,2317,55,0,0
09.10.2015,Campaign_42,Direct / cpc,Kyiv,desktop,female,14,7,2916,51,0,0
09.10.2015,Campaign_15,Direct / cpc,Kyiv,desktop,female,60,22,6544,202,0,0
09.10.2015,Campaign_15,Direct / cpc,Kyiv,desktop,male,35,4,4838,128,0,0
09.10.2015,Campaign_3,Direct / cpc,Kyiv,desktop,female,17,6,2558,113,0,0
09.10.2015,Campaign_30,Direct / cpc,Kyiv,desktop,male,12,5,1202,43,0,0
09.10.2015,Campaign_16,Direct / cpc,Kyiv,desktop,female,17,4,1747,56,0,0
09.10.2015,Campaign_16,Direct / cpc,Kyiv,desktop,male,15,6,993,39,0,0
09.10.2015,Campaign_4,Direct / cpc,Kyiv,desktop,female,43,27,3210,98,0,0
09.10.2015,Campaign_4,Direct / cpc,Kyiv,desktop,male,62,26,5217,155,0,0
09.10.2015,Campaign_17,Direct / cpc,Kyiv,desktop,female,36,12,3909,137,0,0
09.10.2015,Campaign_17,Direct / cpc,Kyiv,desktop,male,29,10,3965,88,0,0
09.10.2015,Campaign_24,Direct / cpc,Kyiv,desktop,female,31,14,5981,194,0,0
09.10.2015,Campaign_24,Direct / cpc,Kyiv,desktop,male,26,16,2837,102,0,0
09.10.2015,Campaign_25,Direct / cpc,Kyiv,desktop,female,15,7,1375,39,0,0
09.10.2015,Campaign_25,Direct / cpc,Kyiv,desktop,male,14,5,1676,61,0,0
09.10.2015,Campaign_29,Direct / cpc,Kyiv,desktop,male,15,6,991,37,0,0
09.10.2015,Campaign_35,google / cpc,Kyiv,desktop,male,19,6,1215,63,0,0
09.10.2015,Campaign_7,google / cpc,Kyiv,desktop,female,24,12,1400,86,0,0
09.10.2015,Campaign_7,google / cpc,Kyiv,desktop,male,30,4,4511,173,2,"494,407476"
09.10.2015,Campaign_43,google / cpc,Kyiv,desktop,male,12,7,719,35,0,0
09.10.2015,Campaign_8,google / cpc,Kyiv,desktop,female,78,42,4753,225,0,0
09.10.2015,Campaign_8,google / cpc,Kyiv,desktop,male,22,7,2535,94,0,0
09.10.2015,Campaign_8,google / cpc,Kyiv,mobile,female,32,14,3455,111,0,0
09.10.2015,Campaign_8,google / cpc,Kyiv,tablet,female,15,6,650,43,0,0
09.10.2015,Campaign_27,google / cpc,Kyiv,desktop,female,20,12,2025,53,0,0
09.10.2015,Campaign_27,google / cpc,Kyiv,desktop,male,25,6,2137,113,0,0
09.10.2015,Campaign_23,google / cpc,Kyiv,desktop,female,20,9,1888,87,0,0
09.10.2015,Campaign_23,google / cpc,Kyiv,desktop,male,25,20,489,35,0,0
09.10.2015,Campaign_44,google / cpc,Kyiv,desktop,male,11,4,739,40,0,0
09.10.2015,Campaign_45,google / cpc,Kyiv,desktop,male,17,4,1406,66,0,0
09.10.2015,Campaign_46,google / cpc,Kyiv,desktop,male,10,7,250,20,0,0
09.10.2015,Campaign_10,google / cpc,(not set),mobile,male,30,12,3817,103,0,0
09.10.2015,Campaign_10,google / cpc,Kyiv,desktop,female,60,29,5467,247,0,0
09.10.2015,Campaign_10,google / cpc,Kyiv,desktop,male,89,32,11648,398,0,0
09.10.2015,Campaign_10,google / cpc,Kyiv,mobile,female,25,10,2768,83,0,0
09.10.2015,Campaign_10,google / cpc,Kyiv,mobile,male,29,11,3197,142,0,0
09.10.2015,Campaign_10,google / cpc,Kyiv,tablet,female,14,6,1196,50,0,0
09.10.2015,Campaign_10,google / cpc,Kyiv,tablet,male,22,7,2952,70,0,0
09.10.2015,Campaign_11,google / cpc,(not set),mobile,female,17,10,2431,61,0,0
09.10.2015,Campaign_11,google / cpc,Kyiv,desktop,female,48,31,3436,152,0,0
09.10.2015,Campaign_11,google / cpc,Kyiv,desktop,male,55,26,5914,184,0,0
09.10.2015,Campaign_11,google / cpc,Kyiv,mobile,female,42,21,9702,211,0,0
09.10.2015,Campaign_11,google / cpc,Kyiv,mobile,male,37,11,6258,152,0,0
10.10.2015,Campaign_14,Direct / cpc,Kyiv,desktop,female,15,6,1347,58,0,0
10.10.2015,Campaign_14,Direct / cpc,Kyiv,desktop,male,26,9,2312,84,0,0
10.10.2015,Campaign_47,Direct / cpc,Kyiv,desktop,female,11,9,313,22,0,0
10.10.2015,Campaign_15,Direct / cpc,Kyiv,desktop,female,75,34,7548,236,0,0
10.10.2015,Campaign_15,Direct / cpc,Kyiv,desktop,male,60,24,4509,155,0,0
10.10.2015,Campaign_30,Direct / cpc,Kyiv,desktop,female,17,10,1802,51,0,0
10.10.2015,Campaign_30,Direct / cpc,Kyiv,desktop,male,15,5,1286,40,0,0
10.10.2015,Campaign_16,Direct / cpc,Kyiv,desktop,female,22,11,1265,57,0,0
10.10.2015,Campaign_4,Direct / cpc,Kyiv,desktop,female,63,32,4148,174,0,0
10.10.2015,Campaign_4,Direct / cpc,Kyiv,desktop,male,52,26,3841,134,0,0
10.10.2015,Campaign_17,Direct / cpc,Kyiv,desktop,female,26,9,2404,93,0,0
10.10.2015,Campaign_17,Direct / cpc,Kyiv,desktop,male,35,9,3850,133,0,0
10.10.2015,Campaign_24,Direct / cpc,Kyiv,desktop,male,27,17,3150,114,0,0
10.10.2015,Campaign_25,Direct / cpc,Kyiv,desktop,female,17,7,3067,86,0,0
10.10.2015,Campaign_25,Direct / cpc,Kyiv,desktop,male,12,6,963,56,0,0
10.10.2015,Campaign_29,Direct / cpc,Kyiv,desktop,male,19,10,375,34,0,0
10.10.2015,Campaign_41,Direct / cpc,Kyiv,desktop,female,15,4,1012,35,0,0
10.10.2015,Campaign_35,google / cpc,Kyiv,desktop,female,15,6,961,35,0,0
10.10.2015,Campaign_35,google / cpc,Kyiv,desktop,male,20,12,2363,72,0,0
10.10.2015,Campaign_35,google / cpc,Kyiv,mobile,male,10,5,819,32,0,0
10.10.2015,Campaign_7,google / cpc,Kyiv,desktop,male,25,5,2969,116,0,0
10.10.2015,Campaign_43,google / cpc,Kyiv,desktop,male,19,7,1359,51,0,0
10.10.2015,Campaign_8,google / cpc,Kyiv,desktop,female,97,61,12606,402,1,"673,288573"
10.10.2015,Campaign_8,google / cpc,Kyiv,desktop,male,62,34,5888,207,0,0
10.10.2015,Campaign_8,google / cpc,Kyiv,mobile,female,29,21,1155,48,0,0
10.10.2015,Campaign_8,google / cpc,Kyiv,mobile,male,14,7,1278,32,0,0
10.10.2015,Campaign_8,google / cpc,Kyiv,tablet,female,17,10,1282,77,0,0
10.10.2015,Campaign_48,google / cpc,Kyiv,desktop,male,14,6,1036,45,0,0
10.10.2015,Campaign_27,google / cpc,Kyiv,desktop,female,24,11,2400,81,0,0
10.10.2015,Campaign_27,google / cpc,Kyiv,desktop,male,20,10,2211,94,0,0
10.10.2015,Campaign_27,google / cpc,Kyiv,mobile,female,12,6,1021,35,0,0
10.10.2015,Campaign_23,google / cpc,Kyiv,desktop,female,29,14,2483,92,0,0
10.10.2015,Campaign_23,google / cpc,Kyiv,desktop,male,26,14,1961,81,0,0
10.10.2015,Campaign_44,google / cpc,Kyiv,desktop,male,21,10,1631,58,0,0
10.10.2015,Campaign_10,google / cpc,(not set),mobile,male,29,14,3707,103,0,0
10.10.2015,Campaign_10,google / cpc,Kyiv,desktop,female,66,26,8221,248,0,0
10.10.2015,Campaign_10,google / cpc,Kyiv,desktop,male,87,41,10147,344,0,0
10.10.2015,Campaign_10,google / cpc,Kyiv,mobile,female,29,16,2478,67,0,0
10.10.2015,Campaign_10,google / cpc,Kyiv,mobile,male,31,15,3532,104,0,0
10.10.2015,Campaign_10,google / cpc,Kyiv,tablet,female,15,6,1068,70,0,0
10.10.2015,Campaign_10,google / cpc,Kyiv,tablet,male,11,7,164,17,0,0
10.10.2015,Campaign_11,google / cpc,(not set),mobile,male,22,14,1473,37,0,0
10.10.2015,Campaign_11,google / cpc,Kyiv,desktop,female,89,39,9961,304,0,0
10.10.2015,Campaign_11,google / cpc,Kyiv,desktop,male,57,27,5370,183,0,0
10.10.2015,Campaign_11,google / cpc,Kyiv,mobile,female,24,10,1666,51,0,0
10.10.2015,Campaign_11,google / cpc,Kyiv,mobile,male,24,11,6195,140,0,0
10.10.2015,Campaign_11,google / cpc,Kyiv,tablet,female,15,7,1058,31,0,0
11.10.2015,Campaign_14,Direct / cpc,Kyiv,desktop,female,14,11,245,21,0,0
11.10.2015,Campaign_42,Direct / cpc,Kyiv,desktop,male,15,5,2389,52,1,"992,541641"
11.10.2015,Campaign_47,Direct / cpc,Kyiv,desktop,female,12,7,348,24,0,0
11.10.2015,Campaign_15,Direct / cpc,Kyiv,desktop,female,56,29,4947,152,1,"1154,03152"
11.10.2015,Campaign_15,Direct / cpc,Kyiv,desktop,male,60,35,3479,132,1,"1240,987609"
11.10.2015,Campaign_49,Direct / cpc,Kyiv,desktop,male,22,5,3191,111,0,0
11.10.2015,Campaign_31,Direct / cpc,Kyiv,desktop,female,17,7,2688,82,0,0
11.10.2015,Campaign_30,Direct / cpc,Kyiv,desktop,female,30,14,1440,84,0,0
11.10.2015,Campaign_30,Direct / cpc,Kyiv,desktop,male,16,7,1622,48,0,0
11.10.2015,Campaign_16,Direct / cpc,Kyiv,desktop,female,19,9,1067,40,0,0
11.10.2015,Campaign_4,Direct / cpc,Kyiv,desktop,female,68,36,3933,143,0,0
11.10.2015,Campaign_4,Direct / cpc,Kyiv,desktop,male,77,29,9756,302,0,0
11.10.2015,Campaign_17,Direct / cpc,Kyiv,desktop,female,15,5,1616,46,0,0
11.10.2015,Campaign_17,Direct / cpc,Kyiv,desktop,male,39,15,2805,123,0,0
11.10.2015,Campaign_24,Direct / cpc,Kyiv,desktop,female,16,7,2092,81,0,0
11.10.2015,Campaign_24,Direct / cpc,Kyiv,desktop,male,19,4,2313,84,0,0
11.10.2015,Campaign_25,Direct / cpc,Kyiv,desktop,female,17,5,2815,92,0,0
11.10.2015,Campaign_25,Direct / cpc,Kyiv,desktop,male,14,4,816,47,1,"5345,314997"
11.10.2015,Campaign_41,Direct / cpc,Kyiv,desktop,male,14,6,1781,40,0,0
11.10.2015,Campaign_35,google / cpc,Kyiv,desktop,male,24,12,1188,71,0,0
11.10.2015,Campaign_7,google / cpc,Kyiv,desktop,female,12,5,1109,50,1,"5147,800452"
11.10.2015,Campaign_7,google / cpc,Kyiv,desktop,male,35,9,3450,116,1,"406,209157"
11.10.2015,Campaign_43,google / cpc,Kyiv,desktop,female,22,15,1458,47,0,0
11.10.2015,Campaign_43,google / cpc,Kyiv,desktop,male,14,5,1227,43,0,0
11.10.2015,Campaign_8,google / cpc,Kyiv,desktop,female,107,50,9194,328,2,"3426,069896"
11.10.2015,Campaign_8,google / cpc,Kyiv,desktop,male,71,41,5427,196,0,0
11.10.2015,Campaign_8,google / cpc,Kyiv,mobile,female,45,24,2684,99,0,0
11.10.2015,Campaign_8,google / cpc,Kyiv,mobile,male,11,2,3993,55,0,0
11.10.2015,Campaign_8,google / cpc,Kyiv,tablet,female,15,4,2580,98,1,"438,507133"
11.10.2015,Campaign_48,google / cpc,Kyiv,desktop,female,12,5,1381,62,0,0
11.10.2015,Campaign_48,google / cpc,Kyiv,desktop,male,12,2,1948,67,0,0
11.10.2015,Campaign_27,google / cpc,Kyiv,desktop,female,22,9,2030,77,0,0
11.10.2015,Campaign_27,google / cpc,Kyiv,desktop,male,32,11,2478,97,0,0
11.10.2015,Campaign_23,google / cpc,Kyiv,desktop,female,36,16,2030,104,0,0
11.10.2015,Campaign_23,google / cpc,Kyiv,desktop,male,37,25,1559,91,0,0
11.10.2015,Campaign_23,google / cpc,Kyiv,tablet,female,15,9,1409,56,0,0
11.10.2015,Campaign_44,google / cpc,Kyiv,desktop,male,30,14,1320,81,0,0
11.10.2015,Campaign_39,google / cpc,Kyiv,desktop,male,12,2,1704,47,1,"8694,366642"
11.10.2015,Campaign_10,google / cpc,(not set),mobile,male,19,9,3292,94,0,0
11.10.2015,Campaign_10,google / cpc,Kyiv,desktop,female,62,21,12698,302,0,0
11.10.2015,Campaign_10,google / cpc,Kyiv,desktop,male,78,32,5287,220,1,"5345,314997"
11.10.2015,Campaign_10,google / cpc,Kyiv,mobile,female,22,10,2104,62,0,0
11.10.2015,Campaign_10,google / cpc,Kyiv,mobile,male,22,6,3713,128,0,0
11.10.2015,Campaign_10,google / cpc,Kyiv,tablet,female,17,6,3793,75,0,0
11.10.2015,Campaign_10,google / cpc,Kyiv,tablet,male,21,6,4860,127,0,0
11.10.2015,Campaign_11,google / cpc,Kyiv,desktop,female,72,36,6431,170,0,0
11.10.2015,Campaign_11,google / cpc,Kyiv,desktop,male,70,29,7581,243,0,0
11.10.2015,Campaign_11,google / cpc,Kyiv,mobile,female,22,11,2778,86,0,0
11.10.2015,Campaign_11,google / cpc,Kyiv,mobile,male,53,29,7524,179,0,0
12.10.2015,Campaign_35,google / cpc,Kyiv,desktop,female,16,7,1329,56,0,0
12.10.2015,Campaign_35,google / cpc,Kyiv,desktop,male,29,12,1812,72,0,0
12.10.2015,Campaign_35,google / cpc,Kyiv,mobile,male,11,5,352,24,0,0
12.10.2015,Campaign_7,google / cpc,Kyiv,desktop,female,32,5,6755,299,1,"6209,906965"
12.10.2015,Campaign_7,google / cpc,Kyiv,desktop,male,19,2,4164,124,0,0
12.10.2015,Campaign_43,google / cpc,Kyiv,desktop,female,14,6,1564,53,0,0
12.10.2015,Campaign_43,google / cpc,Kyiv,desktop,male,14,10,1220,48,0,0
12.10.2015,Campaign_38,google / cpc,Kyiv,desktop,female,25,12,1667,73,0,0
12.10.2015,Campaign_8,google / cpc,Kyiv,desktop,female,97,40,9225,287,1,"438,507133"
12.10.2015,Campaign_8,google / cpc,Kyiv,desktop,male,52,32,2707,128,1,"2103,095117"
12.10.2015,Campaign_8,google / cpc,Kyiv,mobile,female,58,27,4804,155,0,0
12.10.2015,Campaign_8,google / cpc,Kyiv,tablet,female,15,9,1012,46,0,0
12.10.2015,Campaign_50,google / cpc,Kyiv,desktop,male,14,6,1498,39,0,0
12.10.2015,Campaign_51,google / cpc,Kyiv,desktop,male,14,5,1137,37,0,0
12.10.2015,Campaign_27,google / cpc,Kyiv,desktop,female,15,5,2125,81,0,0
12.10.2015,Campaign_27,google / cpc,Kyiv,desktop,male,19,10,993,42,0,0
12.10.2015,Campaign_23,google / cpc,Kyiv,desktop,female,22,9,1757,92,0,0
12.10.2015,Campaign_23,google / cpc,Kyiv,desktop,male,24,14,1323,76,0,0
12.10.2015,Campaign_44,google / cpc,Kyiv,desktop,male,25,20,601,43,0,0
12.10.2015,Campaign_45,google / cpc,Kyiv,desktop,male,15,6,486,30,0,0
12.10.2015,Campaign_39,google / cpc,Kyiv,desktop,male,15,1,5461,123,0,0
12.10.2015,Campaign_10,google / cpc,(not set),mobile,male,26,17,2332,55,0,0
12.10.2015,Campaign_10,google / cpc,Kyiv,desktop,female,62,34,3411,176,0,0
12.10.2015,Campaign_10,google / cpc,Kyiv,desktop,male,96,34,11945,393,0,0
12.10.2015,Campaign_10,google / cpc,Kyiv,mobile,female,19,9,1760,73,0,0
12.10.2015,Campaign_10,google / cpc,Kyiv,mobile,male,21,10,1123,52,0,0
12.10.2015,Campaign_11,google / cpc,Kyiv,desktop,female,57,31,3826,175,0,0
12.10.2015,Campaign_11,google / cpc,Kyiv,desktop,male,56,34,4641,158,0,0
12.10.2015,Campaign_11,google / cpc,Kyiv,mobile,female,20,12,2733,55,0,0
13.10.2015,Campaign_52,google / cpc,Kyiv,desktop,male,10,10,0,10,0,0
13.10.2015,Campaign_35,google / cpc,Kyiv,desktop,female,12,5,268,24,0,0
13.10.2015,Campaign_35,google / cpc,Kyiv,desktop,male,19,9,771,65,0,0
13.10.2015,Campaign_7,google / cpc,Kyiv,desktop,female,24,5,5314,170,0,0
13.10.2015,Campaign_7,google / cpc,Kyiv,desktop,male,36,6,4834,200,0,0
13.10.2015,Campaign_8,google / cpc,Kyiv,desktop,female,61,37,3581,155,0,0
13.10.2015,Campaign_8,google / cpc,Kyiv,desktop,male,52,25,3617,185,0,0
13.10.2015,Campaign_8,google / cpc,Kyiv,mobile,female,31,20,2437,88,0,0
13.10.2015,Campaign_27,google / cpc,Kyiv,desktop,female,10,5,318,26,0,0
13.10.2015,Campaign_23,google / cpc,Kyiv,desktop,female,11,7,1142,37,0,0
13.10.2015,Campaign_23,google / cpc,Kyiv,desktop,male,14,7,957,60,0,0
13.10.2015,Campaign_44,google / cpc,Kyiv,desktop,male,24,12,1215,60,0,0
13.10.2015,Campaign_45,google / cpc,Kyiv,desktop,female,15,7,780,35,0,0
13.10.2015,Campaign_45,google / cpc,Kyiv,desktop,male,41,22,2035,112,0,0
13.10.2015,Campaign_45,google / cpc,Kyiv,mobile,male,19,12,639,31,0,0
13.10.2015,Campaign_10,google / cpc,(not set),mobile,male,20,14,2773,73,0,0
13.10.2015,Campaign_10,google / cpc,Kyiv,desktop,female,48,20,5258,153,0,0
13.10.2015,Campaign_10,google / cpc,Kyiv,desktop,male,83,32,10708,286,0,0
13.10.2015,Campaign_10,google / cpc,Kyiv,mobile,female,19,9,1270,57,0,0
13.10.2015,Campaign_10,google / cpc,Kyiv,mobile,male,24,11,4157,111,0,0
13.10.2015,Campaign_40,google / cpc,Kyiv,desktop,male,16,10,1060,37,0,0
13.10.2015,Campaign_11,google / cpc,Kyiv,desktop,female,46,25,2757,133,0,0
13.10.2015,Campaign_11,google / cpc,Kyiv,desktop,male,41,22,3133,130,0,0
13.10.2015,Campaign_11,google / cpc,Kyiv,mobile,female,20,14,1379,36,0,0
13.10.2015,Campaign_11,google / cpc,Kyiv,mobile,male,15,6,1625,34,0,0
14.10.2015,Campaign_35,google / cpc,Kyiv,desktop,female,15,6,1083,40,1,"300,619621"
14.10.2015,Campaign_35,google / cpc,Kyiv,desktop,male,29,19,3243,81,0,0
14.10.2015,Campaign_53,google / cpc,Kyiv,desktop,male,12,2,2234,73,0,0
14.10.2015,Campaign_7,google / cpc,Kyiv,desktop,male,14,9,820,50,0,0
14.10.2015,Campaign_43,google / cpc,Kyiv,desktop,female,11,4,1353,31,0,0
14.10.2015,Campaign_43,google / cpc,Kyiv,desktop,male,14,6,1354,43,1,"172,669948"
14.10.2015,Campaign_8,google / cpc,Kyiv,desktop,female,61,30,7810,237,0,0
14.10.2015,Campaign_8,google / cpc,Kyiv,desktop,male,53,22,3384,152,0,0
14.10.2015,Campaign_8,google / cpc,Kyiv,mobile,female,29,14,2447,91,0,0
14.10.2015,Campaign_8,google / cpc,Kyiv,mobile,male,15,5,2914,62,0,0
14.10.2015,Campaign_27,google / cpc,Kyiv,desktop,male,12,5,1117,31,0,0
14.10.2015,Campaign_23,google / cpc,Kyiv,desktop,female,20,4,2116,98,0,0
14.10.2015,Campaign_23,google / cpc,Kyiv,desktop,male,20,2,2904,122,0,0
14.10.2015,Campaign_44,google / cpc,Kyiv,desktop,male,22,12,2894,119,0,0
14.10.2015,Campaign_44,google / cpc,Kyiv,mobile,male,21,12,720,47,0,0
14.10.2015,Campaign_45,google / cpc,(not set),mobile,male,19,16,415,24,0,0
14.10.2015,Campaign_45,google / cpc,Kyiv,desktop,female,16,7,794,45,0,0
14.10.2015,Campaign_45,google / cpc,Kyiv,desktop,male,50,24,3559,137,0,0
14.10.2015,Campaign_45,google / cpc,Kyiv,mobile,male,14,10,396,27,0,0
14.10.2015,Campaign_10,google / cpc,(not set),mobile,male,24,16,2547,48,0,0
14.10.2015,Campaign_10,google / cpc,Kyiv,desktop,female,40,17,5251,210,0,0
14.10.2015,Campaign_10,google / cpc,Kyiv,desktop,male,60,24,5511,286,0,0
14.10.2015,Campaign_10,google / cpc,Kyiv,mobile,female,12,6,884,35,0,0
14.10.2015,Campaign_10,google / cpc,Kyiv,mobile,male,24,12,2616,87,0,0
14.10.2015,Campaign_10,google / cpc,Kyiv,tablet,female,10,5,1347,37,0,0
14.10.2015,Campaign_10,google / cpc,Kyiv,tablet,male,12,6,457,29,0,0
14.10.2015,Campaign_40,google / cpc,Kyiv,desktop,male,17,5,1308,60,0,0
14.10.2015,Campaign_11,google / cpc,(not set),mobile,female,16,4,6465,140,0,0
14.10.2015,Campaign_11,google / cpc,(not set),mobile,male,12,4,1761,45,0,0
14.10.2015,Campaign_11,google / cpc,Kyiv,desktop,female,42,21,6006,181,0,0
14.10.2015,Campaign_11,google / cpc,Kyiv,desktop,male,53,26,5327,221,0,0
14.10.2015,Campaign_11,google / cpc,Kyiv,mobile,female,34,17,4364,107,0,0
14.10.2015,Campaign_11,google / cpc,Kyiv,mobile,male,35,12,6253,171,0,0
14.10.2015,Campaign_11,google / cpc,Kyiv,tablet,female,10,4,729,30,0,0
15.10.2015,Campaign_35,google / cpc,Kyiv,desktop,female,15,9,1745,50,0,0
15.10.2015,Campaign_35,google / cpc,Kyiv,desktop,male,20,6,1914,81,0,0
15.10.2015,Campaign_7,google / cpc,Kyiv,desktop,female,21,5,2673,101,0,0
15.10.2015,Campaign_7,google / cpc,Kyiv,desktop,male,43,10,5653,215,1,"245,961508"
15.10.2015,Campaign_43,google / cpc,Kyiv,desktop,female,12,2,2072,56,0,0
15.10.2015,Campaign_43,google / cpc,Kyiv,desktop,male,31,19,2301,62,0,0
15.10.2015,Campaign_38,google / cpc,Kyiv,desktop,female,10,2,436,26,0,0
15.10.2015,Campaign_8,google / cpc,Kyiv,desktop,female,92,43,6836,288,1,"495,649706"
15.10.2015,Campaign_8,google / cpc,Kyiv,desktop,male,58,35,2368,132,0,0
15.10.2015,Campaign_8,google / cpc,Kyiv,mobile,female,47,24,6139,214,0,0
15.10.2015,Campaign_8,google / cpc,Kyiv,mobile,male,17,12,805,31,0,0
15.10.2015,Campaign_50,google / cpc,Kyiv,desktop,female,11,5,1446,48,0,0
15.10.2015,Campaign_27,google / cpc,Kyiv,desktop,female,20,6,1539,57,0,0
15.10.2015,Campaign_27,google / cpc,Kyiv,desktop,male,12,2,2359,70,0,0
15.10.2015,Campaign_23,google / cpc,Kyiv,desktop,female,15,9,1045,48,0,0
15.10.2015,Campaign_23,google / cpc,Kyiv,desktop,male,15,9,863,29,0,0
15.10.2015,Campaign_44,google / cpc,Kyiv,desktop,male,21,12,740,35,0,0
15.10.2015,Campaign_45,google / cpc,Kyiv,desktop,female,37,21,3153,111,0,0
15.10.2015,Campaign_45,google / cpc,Kyiv,desktop,male,63,30,6238,212,2,"3855,88142"
15.10.2015,Campaign_45,google / cpc,Kyiv,mobile,male,10,6,434,22,0,0
15.10.2015,Campaign_45,google / cpc,Kyiv,tablet,male,12,9,302,19,0,0
15.10.2015,Campaign_10,google / cpc,(not set),mobile,female,17,11,1627,48,0,0
15.10.2015,Campaign_10,google / cpc,(not set),mobile,male,11,6,3837,75,0,0
15.10.2015,Campaign_10,google / cpc,Kyiv,desktop,female,57,26,4768,178,0,0
15.10.2015,Campaign_10,google / cpc,Kyiv,desktop,male,72,35,7481,272,0,0
15.10.2015,Campaign_10,google / cpc,Kyiv,mobile,female,25,15,1296,47,0,0
15.10.2015,Campaign_10,google / cpc,Kyiv,mobile,male,15,7,3537,91,0,0
15.10.2015,Campaign_10,google / cpc,Kyiv,tablet,male,16,7,1775,70,0,0
15.10.2015,Campaign_40,google / cpc,Kyiv,desktop,male,11,6,867,24,0,0
15.10.2015,Campaign_11,google / cpc,(not set),mobile,female,19,10,2272,47,0,0
15.10.2015,Campaign_11,google / cpc,(not set),mobile,male,19,11,2242,67,0,0
15.10.2015,Campaign_11,google / cpc,Kyiv,desktop,female,68,24,9124,303,0,0
15.10.2015,Campaign_11,google / cpc,Kyiv,desktop,male,87,39,9573,319,0,0
15.10.2015,Campaign_11,google / cpc,Kyiv,mobile,female,36,16,5161,149,0,0
15.10.2015,Campaign_11,google / cpc,Kyiv,mobile,male,31,14,6821,171,0,0
15.10.2015,Campaign_11,google / cpc,Kyiv,tablet,female,17,7,1627,78,0,0
16.10.2015,Campaign_35,google / cpc,Kyiv,desktop,male,21,10,2120,75,1,"95,651698"
16.10.2015,Campaign_7,google / cpc,Kyiv,desktop,male,48,14,6615,225,2,"8612,379473"
16.10.2015,Campaign_43,google / cpc,Kyiv,desktop,female,20,14,933,48,0,0
16.10.2015,Campaign_43,google / cpc,Kyiv,desktop,male,29,12,2065,87,0,0
16.10.2015,Campaign_38,google / cpc,Kyiv,desktop,female,12,6,711,47,0,0
16.10.2015,Campaign_8,google / cpc,Kyiv,desktop,female,81,53,3678,170,0,0
16.10.2015,Campaign_8,google / cpc,Kyiv,desktop,male,63,39,3734,152,0,0
16.10.2015,Campaign_8,google / cpc,Kyiv,mobile,female,27,12,2180,82,0,0
16.10.2015,Campaign_23,google / cpc,Kyiv,desktop,female,22,15,524,40,0,0
16.10.2015,Campaign_23,google / cpc,Kyiv,desktop,male,14,7,1549,42,0,0
16.10.2015,Campaign_44,google / cpc,Kyiv,desktop,male,19,11,963,47,0,0
16.10.2015,Campaign_45,google / cpc,(not set),mobile,male,17,11,796,32,0,0
16.10.2015,Campaign_45,google / cpc,Kyiv,desktop,female,19,6,1853,72,0,0
16.10.2015,Campaign_45,google / cpc,Kyiv,desktop,male,68,34,3283,154,0,0
16.10.2015,Campaign_45,google / cpc,Kyiv,mobile,female,15,7,1646,61,0,0
16.10.2015,Campaign_10,google / cpc,(not set),mobile,male,26,11,3563,97,0,0
16.10.2015,Campaign_10,google / cpc,Kyiv,desktop,female,42,17,3168,111,0,0
16.10.2015,Campaign_10,google / cpc,Kyiv,desktop,male,53,24,5276,191,0,0
16.10.2015,Campaign_10,google / cpc,Kyiv,mobile,female,16,6,1094,60,0,0
16.10.2015,Campaign_10,google / cpc,Kyiv,tablet,male,22,12,2281,103,0,0
16.10.2015,Campaign_11,google / cpc,(not set),mobile,female,17,6,3407,89,0,0
16.10.2015,Campaign_11,google / cpc,(not set),mobile,male,20,6,3267,104,0,0
16.10.2015,Campaign_11,google / cpc,Kyiv,desktop,female,75,35,6515,235,0,0
16.10.2015,Campaign_11,google / cpc,Kyiv,desktop,male,58,29,7671,199,1,"3228,555351"
16.10.2015,Campaign_11,google / cpc,Kyiv,mobile,female,24,12,2525,70,0,0
16.10.2015,Campaign_11,google / cpc,Kyiv,mobile,male,27,11,3814,88,0,0
16.10.2015,Campaign_11,google / cpc,Kyiv,tablet,female,15,10,906,40,0,0
17.10.2015,Campaign_35,google / cpc,Kyiv,desktop,male,16,7,805,36,0,0
17.10.2015,Campaign_7,google / cpc,Kyiv,desktop,female,16,9,1897,63,0,0
17.10.2015,Campaign_7,google / cpc,Kyiv,desktop,male,29,9,4451,306,0,0
17.10.2015,Campaign_43,google / cpc,Kyiv,desktop,female,30,20,2468,67,0,0
17.10.2015,Campaign_43,google / cpc,Kyiv,desktop,male,60,31,5477,190,0,0
17.10.2015,Campaign_43,google / cpc,Kyiv,mobile,male,12,10,191,15,0,0
17.10.2015,Campaign_38,google / cpc,Kyiv,desktop,female,12,7,466,29,0,0
17.10.2015,Campaign_8,google / cpc,Kyiv,desktop,female,63,29,8898,273,1,"321,737528"
17.10.2015,Campaign_8,google / cpc,Kyiv,desktop,male,52,26,6764,225,0,0
17.10.2015,Campaign_8,google / cpc,Kyiv,mobile,female,30,21,1907,84,0,0
17.10.2015,Campaign_48,google / cpc,Kyiv,desktop,female,12,5,954,35,0,0
17.10.2015,Campaign_51,google / cpc,Kyiv,desktop,male,16,7,4991,119,0,0
17.10.2015,Campaign_27,google / cpc,Kyiv,desktop,female,19,5,2103,93,0,0
17.10.2015,Campaign_27,google / cpc,Kyiv,desktop,male,20,12,795,32,0,0
17.10.2015,Campaign_23,google / cpc,Kyiv,desktop,female,19,7,1163,47,0,0
17.10.2015,Campaign_44,google / cpc,Kyiv,desktop,male,24,15,676,42,0,0
17.10.2015,Campaign_45,google / cpc,Kyiv,desktop,female,12,5,1297,35,0,0
17.10.2015,Campaign_45,google / cpc,Kyiv,desktop,male,37,19,2157,102,0,0
17.10.2015,Campaign_45,google / cpc,Kyiv,mobile,male,12,10,684,21,0,0
17.10.2015,Campaign_10,google / cpc,Kyiv,desktop,female,47,22,3600,174,0,0
17.10.2015,Campaign_10,google / cpc,Kyiv,desktop,male,36,16,1893,94,0,0
17.10.2015,Campaign_10,google / cpc,Kyiv,mobile,female,31,15,2969,97,0,0
17.10.2015,Campaign_10,google / cpc,Kyiv,mobile,male,22,6,2804,67,0,0
17.10.2015,Campaign_10,google / cpc,Kyiv,tablet,male,19,7,1552,53,0,0
17.10.2015,Campaign_11,google / cpc,Kyiv,desktop,female,53,27,5677,190,0,0
17.10.2015,Campaign_11,google / cpc,Kyiv,desktop,male,55,20,8433,266,0,0
17.10.2015,Campaign_11,google / cpc,Kyiv,mobile,female,21,14,1447,52,0,0
17.10.2015,Campaign_11,google / cpc,Kyiv,mobile,male,12,4,2430,48,0,0
17.10.2015,Campaign_11,google / cpc,Kyiv,tablet,male,15,11,483,25,0,0
18.10.2015,Campaign_7,google / cpc,Kyiv,desktop,female,20,9,1678,87,0,0
18.10.2015,Campaign_7,google / cpc,Kyiv,desktop,male,32,15,5681,183,1,"4470,78519"
18.10.2015,Campaign_7,google / cpc,Kyiv,tablet,female,14,7,749,42,0,0
18.10.2015,Campaign_43,google / cpc,Kyiv,desktop,female,42,30,2017,83,0,0
18.10.2015,Campaign_43,google / cpc,Kyiv,desktop,male,43,30,1547,68,0,0
18.10.2015,Campaign_38,google / cpc,Kyiv,desktop,female,11,5,1057,46,0,0
18.10.2015,Campaign_8,google / cpc,Kyiv,desktop,female,65,31,5909,209,0,0
18.10.2015,Campaign_8,google / cpc,Kyiv,desktop,male,42,25,2806,104,0,0
18.10.2015,Campaign_8,google / cpc,Kyiv,mobile,female,26,12,2445,80,0,0
18.10.2015,Campaign_8,google / cpc,Kyiv,mobile,male,11,6,275,22,0,0
18.10.2015,Campaign_8,google / cpc,Kyiv,tablet,female,14,10,250,26,0,0
18.10.2015,Campaign_48,google / cpc,Kyiv,desktop,female,14,6,658,34,0,0
18.10.2015,Campaign_27,google / cpc,Kyiv,desktop,female,11,5,922,39,0,0
18.10.2015,Campaign_23,google / cpc,Kyiv,desktop,female,19,7,2511,89,0,0
18.10.2015,Campaign_23,google / cpc,Kyiv,desktop,male,19,6,2965,82,0,0
18.10.2015,Campaign_44,google / cpc,Kyiv,desktop,male,15,10,843,39,0,0
18.10.2015,Campaign_45,google / cpc,Kyiv,desktop,female,25,12,1588,75,0,0
18.10.2015,Campaign_45,google / cpc,Kyiv,desktop,male,50,26,2358,119,0,0
18.10.2015,Campaign_45,google / cpc,Kyiv,mobile,male,12,2,2154,53,0,0
18.10.2015,Campaign_10,google / cpc,(not set),mobile,male,15,9,1637,30,0,0
18.10.2015,Campaign_10,google / cpc,Kyiv,desktop,female,30,12,1832,82,0,0
18.10.2015,Campaign_10,google / cpc,Kyiv,desktop,male,61,26,9783,299,0,0
18.10.2015,Campaign_10,google / cpc,Kyiv,mobile,female,29,14,3904,164,0,0
18.10.2015,Campaign_10,google / cpc,Kyiv,mobile,male,17,11,1386,50,0,0
18.10.2015,Campaign_11,google / cpc,(not set),mobile,male,24,12,1670,63,0,0
18.10.2015,Campaign_11,google / cpc,Kyiv,desktop,female,56,27,5935,214,0,0
18.10.2015,Campaign_11,google / cpc,Kyiv,desktop,male,58,26,6616,222,0,0
18.10.2015,Campaign_11,google / cpc,Kyiv,mobile,female,26,11,3175,77,0,0
18.10.2015,Campaign_11,google / cpc,Kyiv,mobile,male,14,5,1426,41,0,0
19.10.2015,Campaign_54,Direct / cpc,Kyiv,desktop,male,14,10,344,19,0,0
19.10.2015,Campaign_15,Direct / cpc,Kyiv,desktop,female,25,9,2047,72,0,0
19.10.2015,Campaign_15,Direct / cpc,Kyiv,desktop,male,21,12,1165,34,0,0
19.10.2015,Campaign_31,Direct / cpc,Kyiv,desktop,female,14,7,617,36,0,0
19.10.2015,Campaign_30,Direct / cpc,Kyiv,desktop,male,20,9,2124,61,0,0
19.10.2015,Campaign_4,Direct / cpc,Kyiv,desktop,female,27,15,2089,76,0,0
19.10.2015,Campaign_4,Direct / cpc,Kyiv,desktop,male,24,6,2681,96,0,0
19.10.2015,Campaign_17,Direct / cpc,Kyiv,desktop,female,12,4,1764,58,0,0
19.10.2015,Campaign_17,Direct / cpc,Kyiv,desktop,male,15,7,1176,53,0,0
19.10.2015,Campaign_24,Direct / cpc,Kyiv,desktop,male,32,16,7504,152,0,0
19.10.2015,Campaign_25,Direct / cpc,Kyiv,desktop,male,15,2,2950,98,0,0
19.10.2015,Campaign_29,Direct / cpc,Kyiv,desktop,male,11,4,358,22,0,0
19.10.2015,Campaign_19,Direct / cpc,Kyiv,desktop,female,14,6,2790,83,0,0
19.10.2015,Campaign_19,Direct / cpc,Kyiv,desktop,male,25,12,5369,119,0,0
19.10.2015,Campaign_52,google / cpc,Kyiv,desktop,male,15,14,107,20,0,0
19.10.2015,Campaign_7,google / cpc,Kyiv,desktop,female,40,20,4163,165,0,0
19.10.2015,Campaign_7,google / cpc,Kyiv,desktop,male,35,9,12052,335,1,"3152,779331"
19.10.2015,Campaign_43,google / cpc,Kyiv,desktop,female,36,24,1934,82,0,0
19.10.2015,Campaign_43,google / cpc,Kyiv,desktop,male,45,30,6138,220,0,0
19.10.2015,Campaign_8,google / cpc,Kyiv,desktop,female,56,22,7257,263,1,"545,338899"
19.10.2015,Campaign_8,google / cpc,Kyiv,desktop,male,47,30,2297,104,0,0
19.10.2015,Campaign_8,google / cpc,Kyiv,mobile,female,16,9,497,27,0,0
19.10.2015,Campaign_27,google / cpc,Kyiv,desktop,male,12,9,504,37,0,0
19.10.2015,Campaign_44,google / cpc,Kyiv,desktop,male,11,6,781,36,0,0
19.10.2015,Campaign_45,google / cpc,Kyiv,desktop,male,62,31,2919,147,0,0
19.10.2015,Campaign_45,google / cpc,Kyiv,mobile,male,12,6,1024,29,0,0
19.10.2015,Campaign_10,google / cpc,Kyiv,desktop,female,43,21,3143,117,0,0
19.10.2015,Campaign_10,google / cpc,Kyiv,desktop,male,70,31,6925,196,0,0
19.10.2015,Campaign_10,google / cpc,Kyiv,mobile,male,14,7,656,31,0,0
19.10.2015,Campaign_10,google / cpc,Kyiv,tablet,male,14,6,1533,55,0,0
19.10.2015,Campaign_11,google / cpc,Kyiv,desktop,female,63,27,8390,239,0,0
19.10.2015,Campaign_11,google / cpc,Kyiv,desktop,male,62,29,5191,175,0,0
19.10.2015,Campaign_11,google / cpc,Kyiv,mobile,female,17,9,1596,55,0,0
19.10.2015,Campaign_11,google / cpc,Kyiv,mobile,male,15,7,3196,52,0,0
20.10.2015,Campaign_2,Direct / cpc,Dnepropetrovsk,desktop,male,10,2,1153,30,0,0
20.10.2015,Campaign_15,Direct / cpc,Kyiv,desktop,female,25,6,4766,128,0,0
20.10.2015,Campaign_15,Direct / cpc,Kyiv,desktop,male,17,6,1263,55,0,0
20.10.2015,Campaign_3,Direct / cpc,Kyiv,desktop,male,14,4,1871,51,0,0
20.10.2015,Campaign_31,Direct / cpc,Kharkiv,desktop,female,41,32,1381,71,0,0
20.10.2015,Campaign_31,Direct / cpc,Kharkiv,desktop,male,41,24,3109,118,0,0
20.10.2015,Campaign_31,Direct / cpc,Kyiv,desktop,female,20,7,1525,73,0,0
20.10.2015,Campaign_31,Direct / cpc,Kyiv,desktop,male,17,7,1733,65,0,0
20.10.2015,Campaign_4,Direct / cpc,Dnepropetrovsk,desktop,male,12,2,2056,60,0,0
20.10.2015,Campaign_4,Direct / cpc,Kharkiv,desktop,female,15,9,1391,47,0,0
20.10.2015,Campaign_4,Direct / cpc,Kharkiv,desktop,male,17,4,1783,71,0,0
20.10.2015,Campaign_4,Direct / cpc,Kyiv,desktop,female,21,9,958,53,0,0
20.10.2015,Campaign_4,Direct / cpc,Kyiv,desktop,male,31,16,1865,75,0,0
20.10.2015,Campaign_29,Direct / cpc,Kyiv,desktop,female,16,9,1435,39,0,0
20.10.2015,Campaign_19,Direct / cpc,Kyiv,desktop,female,19,4,3761,130,0,0
20.10.2015,Campaign_19,Direct / cpc,Kyiv,desktop,male,29,11,5814,191,0,0
20.10.2015,Campaign_52,google / cpc,Kyiv,desktop,female,14,11,61,17,0,0
20.10.2015,Campaign_52,google / cpc,Kyiv,desktop,male,21,15,573,40,0,0
20.10.2015,Campaign_55,google / cpc,Lviv,desktop,male,12,2,1963,91,0,0
20.10.2015,Campaign_7,google / cpc,Kyiv,desktop,female,32,15,2622,109,0,0
20.10.2015,Campaign_7,google / cpc,Kyiv,desktop,male,34,12,4332,165,1,"32296,73358"
20.10.2015,Campaign_43,google / cpc,Kyiv,desktop,male,30,16,3714,103,0,0
20.10.2015,Campaign_8,google / cpc,Kyiv,desktop,female,30,19,1986,80,0,0
20.10.2015,Campaign_8,google / cpc,Kyiv,desktop,male,45,21,10104,210,0,0
20.10.2015,Campaign_45,google / cpc,Kyiv,desktop,male,31,14,2317,82,0,0
20.10.2015,Campaign_10,google / cpc,Kyiv,desktop,female,37,15,3456,114,1,"418,631456"
20.10.2015,Campaign_10,google / cpc,Kyiv,desktop,male,22,7,2676,103,0,0
20.10.2015,Campaign_11,google / cpc,Kyiv,desktop,female,19,7,1602,52,0,0
20.10.2015,Campaign_11,google / cpc,Kyiv,desktop,male,31,16,2475,86,0,0
20.10.2015,Campaign_11,google / cpc,Kyiv,mobile,female,19,6,4186,72,0,0
21.10.2015,Campaign_2,Direct / cpc,Kyiv,desktop,male,14,2,2507,72,0,0
21.10.2015,Campaign_15,Direct / cpc,Kharkiv,desktop,female,14,9,903,26,0,0
21.10.2015,Campaign_15,Direct / cpc,Kyiv,desktop,female,22,16,573,40,0,0
21.10.2015,Campaign_15,Direct / cpc,Kyiv,desktop,male,12,1,3779,67,0,0
21.10.2015,Campaign_15,Direct / cpc,Zaporizhia,desktop,female,10,7,212,19,0,0
21.10.2015,Campaign_31,Direct / cpc,Kharkiv,desktop,female,53,24,5153,179,0,0
21.10.2015,Campaign_31,Direct / cpc,Kharkiv,desktop,male,52,19,4082,181,0,0
21.10.2015,Campaign_31,Direct / cpc,Kyiv,desktop,female,21,11,1173,56,0,0
21.10.2015,Campaign_31,Direct / cpc,Kyiv,desktop,male,16,7,3422,104,0,0
21.10.2015,Campaign_4,Direct / cpc,Kharkiv,desktop,female,29,17,1598,73,0,0
21.10.2015,Campaign_4,Direct / cpc,Kharkiv,desktop,male,17,10,750,50,0,0
21.10.2015,Campaign_4,Direct / cpc,Kyiv,desktop,female,48,26,2713,138,0,0
21.10.2015,Campaign_4,Direct / cpc,Kyiv,desktop,male,32,11,6697,180,0,0
21.10.2015,Campaign_4,Direct / cpc,Odessa,desktop,male,16,5,1262,48,0,0
21.10.2015,Campaign_19,Direct / cpc,Kyiv,desktop,male,26,7,3841,106,0,0
21.10.2015,Campaign_52,google / cpc,Kyiv,desktop,female,14,12,318,22,0,0
21.10.2015,Campaign_52,google / cpc,Kyiv,desktop,male,22,19,183,34,0,0
21.10.2015,Campaign_52,google / cpc,Kyiv,mobile,male,11,10,45,12,0,0
21.10.2015,Campaign_7,google / cpc,Kyiv,desktop,female,29,12,1472,68,0,0
21.10.2015,Campaign_7,google / cpc,Kyiv,desktop,male,36,5,5436,200,0,0
21.10.2015,Campaign_43,google / cpc,Kyiv,desktop,male,20,12,611,40,0,0
21.10.2015,Campaign_8,google / cpc,Kyiv,desktop,female,30,19,2448,66,0,0
21.10.2015,Campaign_8,google / cpc,Kyiv,desktop,male,15,4,2650,71,1,"2219,864722"
21.10.2015,Campaign_45,google / cpc,Kyiv,desktop,male,29,21,1138,62,0,0
21.10.2015,Campaign_10,google / cpc,Kyiv,desktop,female,21,12,1314,42,0,0
21.10.2015,Campaign_10,google / cpc,Kyiv,desktop,male,48,17,6302,178,0,0
21.10.2015,Campaign_10,google / cpc,Kyiv,mobile,female,10,2,1872,32,0,0
21.10.2015,Campaign_10,google / cpc,Kyiv,mobile,male,12,4,1599,48,0,0
21.10.2015,Campaign_11,google / cpc,Kyiv,desktop,female,27,12,5430,142,0,0
21.10.2015,Campaign_11,google / cpc,Kyiv,desktop,male,30,14,1675,77,0,0
21.10.2015,Campaign_11,google / cpc,Kyiv,mobile,female,15,10,1243,32,0,0
22.10.2015,Campaign_34,google / cpc,Kyiv,desktop,male,11,11,0,11,0,0
22.10.2015,Campaign_2,Direct / cpc,Kyiv,desktop,male,21,9,2583,77,0,0
22.10.2015,Campaign_15,Direct / cpc,Kharkiv,desktop,female,11,6,612,32,0,0
22.10.2015,Campaign_15,Direct / cpc,Kyiv,desktop,female,43,22,4765,128,1,"1534,153851"
22.10.2015,Campaign_15,Direct / cpc,Kyiv,desktop,male,10,6,369,16,0,0
22.10.2015,Campaign_31,Direct / cpc,Dnepropetrovsk,desktop,female,12,4,1255,39,0,0
22.10.2015,Campaign_31,Direct / cpc,Dnepropetrovsk,desktop,male,10,6,503,35,0,0
22.10.2015,Campaign_31,Direct / cpc,Donetsk,desktop,female,11,9,455,20,0,0
22.10.2015,Campaign_31,Direct / cpc,Kharkiv,desktop,female,51,35,1757,112,0,0
22.10.2015,Campaign_31,Direct / cpc,Kharkiv,desktop,male,50,19,7713,221,0,0
22.10.2015,Campaign_31,Direct / cpc,Kyiv,desktop,female,32,20,1061,76,0,0
22.10.2015,Campaign_31,Direct / cpc,Kyiv,desktop,male,22,9,4103,101,0,0
22.10.2015,Campaign_31,Direct / cpc,Odessa,desktop,female,12,7,800,30,1,"2004,95896"
22.10.2015,Campaign_30,Direct / cpc,Kyiv,desktop,female,14,6,437,25,0,0
22.10.2015,Campaign_4,Direct / cpc,Dnepropetrovsk,desktop,female,10,5,897,22,0,0
22.10.2015,Campaign_4,Direct / cpc,Dnepropetrovsk,desktop,male,14,5,1410,42,0,0
22.10.2015,Campaign_4,Direct / cpc,Donetsk,desktop,female,15,6,1307,45,0,0
22.10.2015,Campaign_4,Direct / cpc,Donetsk,desktop,male,14,6,1181,56,0,0
22.10.2015,Campaign_4,Direct / cpc,Kharkiv,desktop,female,30,14,3289,113,0,0
22.10.2015,Campaign_4,Direct / cpc,Kharkiv,desktop,male,22,10,3271,82,0,0
22.10.2015,Campaign_4,Direct / cpc,Kryvyi Rih,desktop,female,10,6,996,46,0,0
22.10.2015,Campaign_4,Direct / cpc,Kyiv,desktop,female,50,22,5322,160,0,0
22.10.2015,Campaign_4,Direct / cpc,Kyiv,desktop,male,48,26,3626,127,0,0
22.10.2015,Campaign_4,Direct / cpc,Lviv,desktop,male,20,10,1306,51,0,0
22.10.2015,Campaign_4,Direct / cpc,Odessa,desktop,female,16,10,565,29,0,0
22.10.2015,Campaign_29,Direct / cpc,Kyiv,desktop,male,14,10,506,35,0,0
22.10.2015,Campaign_19,Direct / cpc,Kyiv,desktop,female,11,4,1155,53,0,0
22.10.2015,Campaign_19,Direct / cpc,Kyiv,desktop,male,32,11,7600,212,0,0
22.10.2015,Campaign_52,google / cpc,Kyiv,desktop,female,10,10,0,10,0,0
22.10.2015,Campaign_52,google / cpc,Kyiv,desktop,male,27,25,181,32,0,0
22.10.2015,Campaign_7,google / cpc,Kyiv,desktop,female,15,7,1887,56,0,0
22.10.2015,Campaign_7,google / cpc,Kyiv,desktop,male,40,11,4606,245,1,"1214,900782"
22.10.2015,Campaign_43,google / cpc,Kyiv,desktop,male,11,7,358,16,0,0
22.10.2015,Campaign_8,google / cpc,Kyiv,desktop,female,41,15,4706,137,0,0
22.10.2015,Campaign_8,google / cpc,Kyiv,desktop,male,19,10,1040,43,0,0
22.10.2015,Campaign_8,google / cpc,Kyiv,mobile,female,16,9,1614,47,0,0
22.10.2015,Campaign_45,google / cpc,Kyiv,desktop,male,24,9,1578,56,0,0
22.10.2015,Campaign_10,google / cpc,Kyiv,desktop,female,24,5,2985,114,0,0
22.10.2015,Campaign_10,google / cpc,Kyiv,desktop,male,47,14,6109,250,0,0
22.10.2015,Campaign_10,google / cpc,Kyiv,mobile,male,16,7,1682,65,0,0
22.10.2015,Campaign_11,google / cpc,Kyiv,desktop,male,29,16,1380,88,0,0
23.10.2015,Campaign_34,google / cpc,Kyiv,desktop,male,15,15,0,15,0,0
23.10.2015,Campaign_2,Direct / cpc,Kharkiv,desktop,male,14,10,241,21,0,0
23.10.2015,Campaign_2,Direct / cpc,Kyiv,desktop,female,14,5,1153,41,0,0
23.10.2015,Campaign_2,Direct / cpc,Kyiv,desktop,male,16,6,1216,42,0,0
23.10.2015,Campaign_15,Direct / cpc,Kyiv,desktop,female,17,9,2335,62,1,"872,045347"
23.10.2015,Campaign_15,Direct / cpc,Kyiv,desktop,male,24,6,6284,142,0,0
23.10.2015,Campaign_31,Direct / cpc,Kharkiv,desktop,female,25,15,1157,60,0,0
23.10.2015,Campaign_31,Direct / cpc,Kharkiv,desktop,male,19,14,530,37,0,0
23.10.2015,Campaign_31,Direct / cpc,Kyiv,desktop,female,42,35,1465,71,0,0
23.10.2015,Campaign_31,Direct / cpc,Kyiv,desktop,male,25,21,371,35,0,0
23.10.2015,Campaign_31,Direct / cpc,Zaporizhia,desktop,female,19,10,1348,63,0,0
23.10.2015,Campaign_4,Direct / cpc,Dnepropetrovsk,desktop,male,19,9,1563,48,0,0
23.10.2015,Campaign_4,Direct / cpc,Kharkiv,desktop,female,22,9,1682,93,0,0
23.10.2015,Campaign_4,Direct / cpc,Kyiv,desktop,female,45,21,2482,117,0,0
23.10.2015,Campaign_4,Direct / cpc,Kyiv,desktop,male,30,16,1215,56,0,0
23.10.2015,Campaign_4,Direct / cpc,Lviv,desktop,female,15,10,738,26,0,0
23.10.2015,Campaign_25,Direct / cpc,Kyiv,desktop,male,14,4,1347,48,0,0
23.10.2015,Campaign_19,Direct / cpc,Kyiv,desktop,male,19,7,3850,81,0,0
23.10.2015,Campaign_52,google / cpc,Kyiv,desktop,male,14,12,189,15,0,0
23.10.2015,Campaign_7,google / cpc,Kyiv,desktop,female,34,20,2234,96,2,"3311,78475"
23.10.2015,Campaign_7,google / cpc,Kyiv,desktop,male,19,5,2466,88,0,0
23.10.2015,Campaign_43,google / cpc,Kyiv,desktop,male,14,12,122,15,0,0
23.10.2015,Campaign_8,google / cpc,Kyiv,desktop,female,35,15,2986,111,0,0
23.10.2015,Campaign_8,google / cpc,Kyiv,desktop,male,29,20,1714,62,0,0
23.10.2015,Campaign_8,google / cpc,Kyiv,tablet,female,14,9,1272,42,0,0
23.10.2015,Campaign_44,google / cpc,Kyiv,desktop,male,14,7,1286,42,0,0
23.10.2015,Campaign_45,google / cpc,(not set),mobile,male,17,12,566,29,0,0
23.10.2015,Campaign_45,google / cpc,Kyiv,desktop,male,30,17,1579,87,0,0
23.10.2015,Campaign_10,google / cpc,Kyiv,desktop,female,16,11,655,45,0,0
23.10.2015,Campaign_10,google / cpc,Kyiv,desktop,male,36,17,3937,169,1,"25372,54446"
23.10.2015,Campaign_10,google / cpc,Kyiv,mobile,female,15,9,807,55,0,0
23.10.2015,Campaign_10,google / cpc,Kyiv,mobile,male,22,15,699,37,0,0
23.10.2015,Campaign_11,google / cpc,Kyiv,desktop,female,15,11,184,21,0,0
23.10.2015,Campaign_11,google / cpc,Kyiv,mobile,female,17,11,1134,35,0,0
24.10.2015,Campaign_1,Direct / cpc,Kharkiv,desktop,male,14,9,602,31,0,0
24.10.2015,Campaign_1,Direct / cpc,Kyiv,desktop,female,11,5,698,27,0,0
24.10.2015,Campaign_1,Direct / cpc,Kyiv,desktop,male,19,7,601,37,0,0
24.10.2015,Campaign_2,Direct / cpc,Kyiv,desktop,female,11,5,1394,41,0,0
24.10.2015,Campaign_2,Direct / cpc,Kyiv,desktop,male,31,19,920,73,0,0
24.10.2015,Campaign_2,Direct / cpc,Zaporizhia,desktop,male,12,5,1043,43,0,0
24.10.2015,Campaign_31,Direct / cpc,Dnepropetrovsk,desktop,female,14,9,557,35,0,0
24.10.2015,Campaign_31,Direct / cpc,Dnepropetrovsk,desktop,male,11,6,769,32,0,0
24.10.2015,Campaign_31,Direct / cpc,Kharkiv,desktop,female,37,32,698,58,0,0
24.10.2015,Campaign_31,Direct / cpc,Kharkiv,desktop,male,25,14,929,61,0,0
24.10.2015,Campaign_31,Direct / cpc,Kirovohrad,desktop,female,10,9,14,11,0,0
24.10.2015,Campaign_31,Direct / cpc,Kryvyi Rih,desktop,female,11,6,1065,36,0,0
24.10.2015,Campaign_31,Direct / cpc,Kyiv,desktop,female,47,40,1199,77,0,0
24.10.2015,Campaign_31,Direct / cpc,Kyiv,desktop,male,35,22,1765,80,0,0
24.10.2015,Campaign_31,Direct / cpc,Mariupol',desktop,female,11,6,599,26,0,0
24.10.2015,Campaign_31,Direct / cpc,Odessa,desktop,female,15,14,76,20,0,0
24.10.2015,Campaign_31,Direct / cpc,Zaporizhia,desktop,female,12,10,534,24,0,0
24.10.2015,Campaign_30,Direct / cpc,Kyiv,desktop,female,16,6,894,39,0,0
24.10.2015,Campaign_4,Direct / cpc,Dnepropetrovsk,desktop,female,11,5,404,26,0,0
24.10.2015,Campaign_4,Direct / cpc,Kharkiv,desktop,female,12,6,466,24,0,0
24.10.2015,Campaign_4,Direct / cpc,Kyiv,desktop,female,31,12,2432,98,0,0
24.10.2015,Campaign_4,Direct / cpc,Kyiv,desktop,male,43,20,7220,199,0,0
24.10.2015,Campaign_4,Direct / cpc,Odessa,desktop,female,19,4,1360,53,0,0
24.10.2015,Campaign_4,Direct / cpc,Zaporizhia,desktop,female,17,6,2555,86,0,0
24.10.2015,Campaign_4,Direct / cpc,Zaporizhia,desktop,male,11,5,519,21,0,0
24.10.2015,Campaign_25,Direct / cpc,Kyiv,desktop,male,15,7,518,35,0,0
24.10.2015,Campaign_52,google / cpc,Kyiv,desktop,female,14,11,71,17,0,0
24.10.2015,Campaign_52,google / cpc,Kyiv,desktop,male,24,19,790,40,0,0
24.10.2015,Campaign_7,google / cpc,Kyiv,desktop,female,19,4,2549,86,0,0
24.10.2015,Campaign_7,google / cpc,Kyiv,desktop,male,14,6,1375,72,0,0
24.10.2015,Campaign_43,google / cpc,Kyiv,desktop,male,20,12,999,40,0,0
24.10.2015,Campaign_8,google / cpc,Kyiv,desktop,female,21,12,1107,58,0,0
24.10.2015,Campaign_8,google / cpc,Kyiv,desktop,male,22,11,2363,67,0,0
24.10.2015,Campaign_8,google / cpc,Kyiv,mobile,female,21,16,506,31,0,0
24.10.2015,Campaign_27,google / cpc,Kyiv,desktop,female,10,4,496,20,0,0
24.10.2015,Campaign_45,google / cpc,Kyiv,desktop,male,27,12,2024,83,0,0
24.10.2015,Campaign_10,google / cpc,Kyiv,desktop,female,24,9,1870,80,0,0
24.10.2015,Campaign_10,google / cpc,Kyiv,desktop,male,27,16,1114,57,0,0
24.10.2015,Campaign_10,google / cpc,Kyiv,mobile,female,12,4,1773,61,0,0
24.10.2015,Campaign_10,google / cpc,Kyiv,tablet,male,21,12,1419,66,0,0
24.10.2015,Campaign_11,google / cpc,Kyiv,desktop,male,12,7,878,31,0,0
24.10.2015,Campaign_11,google / cpc,Kyiv,mobile,male,12,2,2607,60,0,0
25.10.2015,Campaign_31,Direct / cpc,Kharkiv,desktop,female,17,15,217,32,0,0
25.10.2015,Campaign_31,Direct / cpc,Kharkiv,desktop,male,15,7,847,58,0,0
25.10.2015,Campaign_31,Direct / cpc,Kyiv,desktop,female,11,6,989,43,0,0
25.10.2015,Campaign_31,Direct / cpc,Kyiv,desktop,male,25,7,6564,145,0,0
25.10.2015,Campaign_52,google / cpc,Kyiv,desktop,female,20,16,799,42,0,0
25.10.2015,Campaign_52,google / cpc,Kyiv,desktop,male,15,12,220,21,0,0
25.10.2015,Campaign_7,google / cpc,Kyiv,desktop,male,17,6,1164,56,0,0
25.10.2015,Campaign_43,google / cpc,Kyiv,desktop,male,24,12,886,42,0,0
25.10.2015,Campaign_8,google / cpc,Kyiv,desktop,female,41,15,5272,165,0,0
25.10.2015,Campaign_8,google / cpc,Kyiv,desktop,male,27,12,1519,71,0,0
25.10.2015,Campaign_8,google / cpc,Kyiv,mobile,female,21,12,3035,83,0,0
25.10.2015,Campaign_8,google / cpc,Kyiv,mobile,male,16,10,2359,46,0,0
25.10.2015,Campaign_23,google / cpc,Kyiv,desktop,female,15,6,1312,62,0,0
25.10.2015,Campaign_45,google / cpc,Kyiv,desktop,male,20,10,599,42,0,0
25.10.2015,Campaign_10,google / cpc,Kyiv,desktop,female,17,9,2276,68,0,0
25.10.2015,Campaign_10,google / cpc,Kyiv,desktop,male,29,6,4529,159,0,0
25.10.2015,Campaign_10,google / cpc,Kyiv,mobile,female,21,6,2729,89,0,0
25.10.2015,Campaign_10,google / cpc,Kyiv,mobile,male,12,6,3448,72,0,0
25.10.2015,Campaign_10,google / cpc,Kyiv,tablet,male,11,4,3458,67,0,0
25.10.2015,Campaign_11,google / cpc,Kyiv,desktop,female,12,5,1297,39,0,0
25.10.2015,Campaign_11,google / cpc,Kyiv,desktop,male,19,11,1775,73,0,0
25.10.2015,Campaign_11,google / cpc,Kyiv,mobile,female,19,11,1785,46,0,0
25.10.2015,Campaign_11,google / cpc,Kyiv,mobile,male,26,9,7260,170,0,0